identifier,confirms_identifier,result_identifier
SBVT_TEST_1_res,SBVT_TEST_1,Passed
SBVT_TEST_2_res,SBVT_TEST_2,Passed
SBVT_TEST_3_res,SBVT_TEST_3,Passed
SBVT_TEST_4_res,SBVT_TEST_4,Passed
SBVT_TEST_5_res,SBVT_TEST_5,Passed
SBVT_TEST_6_res,SBVT_TEST_6,Passed
SBVT_TEST_7_res,SBVT_TEST_7,Passed
SBVT_TEST_8_res,SBVT_TEST_8,Passed
SBVT_TEST_9_res,SBVT_TEST_9,Passed
SBVT_TEST_10_res,SBVT_TEST_10,Passed
SBVT_TEST_11_res,SBVT_TEST_11,Passed
SBVT_TEST_12_res,SBVT_TEST_12,Passed
SBVT_TEST_13_res,SBVT_TEST_13,Passed
SBVT_TEST_14_res,SBVT_TEST_14,Passed
SBVT_TEST_15_res,SBVT_TEST_15,Passed
SBVT_TEST_16_res,SBVT_TEST_16,Passed
SBVT_TEST_17_res,SBVT_TEST_17,Passed
SBVT_TEST_18_res,SBVT_TEST_18,Passed
SBVT_TEST_19_res,SBVT_TEST_19,Passed
SBVT_TEST_20_res,SBVT_TEST_20,Passed
SBVT_TEST_21_res,SBVT_TEST_21,Passed
SBVT_TEST_22_res,SBVT_TEST_22,Passed
SBVT_TEST_23_res,SBVT_TEST_23,Passed
SBVT_TEST_24_res,SBVT_TEST_24,Passed
SBVT_TEST_25_res,SBVT_TEST_25,Passed
SBVT_TEST_26_res,SBVT_TEST_26,Passed
SBVT_TEST_27_res,SBVT_TEST_27,Passed
SBVT_TEST_28_res,SBVT_TEST_28,Passed
SBVT_TEST_29_res,SBVT_TEST_29,Passed
SBVT_TEST_30_res,SBVT_TEST_30,Passed
SBVT_TEST_31_res,SBVT_TEST_31,Passed
SBVT_TEST_32_res,SBVT_TEST_32,Passed
SBVT_TEST_33_res,SBVT_TEST_33,Passed
SBVT_TEST_34_res,SBVT_TEST_34,Passed
SBVT_TEST_35_res,SBVT_TEST_35,Passed
SBVT_TEST_36_res,SBVT_TEST_36,Passed
SBVT_TEST_37_res,SBVT_TEST_37,Passed
SBVT_TEST_38_res,SBVT_TEST_38,Passed
SBVT_TEST_39_res,SBVT_TEST_39,Passed
SBVT_TEST_40_res,SBVT_TEST_40,Passed
SBVT_TEST_41_res,SBVT_TEST_41,Passed
SBVT_TEST_42_res,SBVT_TEST_42,Passed
SBVT_TEST_43_res,SBVT_TEST_43,Passed
SBVT_TEST_44_res,SBVT_TEST_44,Passed
SBVT_TEST_45_res,SBVT_TEST_45,Passed
SBVT_TEST_46_res,SBVT_TEST_46,Passed
SBVT_TEST_47_res,SBVT_TEST_47,Passed
SBVT_TEST_48_res,SBVT_TEST_48,Passed
SBVT_TEST_49_res,SBVT_TEST_49,Passed
SBVT_TEST_50_res,SBVT_TEST_50,Passed
SBVT_TEST_51_res,SBVT_TEST_51,Passed
SBVT_TEST_52_res,SBVT_TEST_52,Passed
SBVT_TEST_53_res,SBVT_TEST_53,Passed
SBVT_TEST_54_res,SBVT_TEST_54,Passed
SBVT_TEST_55_res,SBVT_TEST_55,Passed
SBVT_TEST_56_res,SBVT_TEST_56,Passed
SBVT_TEST_57_res,SBVT_TEST_57,Passed
SBVT_TEST_58_res,SBVT_TEST_58,Passed
SBVT_TEST_59_res,SBVT_TEST_59,Passed
SBVT_TEST_60_res,SBVT_TEST_60,Passed
SBVT_TEST_61_res,SBVT_TEST_61,Passed
SBVT_TEST_62_res,SBVT_TEST_62,Passed
SBVT_TEST_63_res,SBVT_TEST_63,Passed
SBVT_TEST_64_res,SBVT_TEST_64,Passed
SBVT_TEST_65_res,SBVT_TEST_65,Passed
SBVT_TEST_66_res,SBVT_TEST_66,Passed
SBVT_TEST_67_res,SBVT_TEST_67,Passed
SBVT_TEST_68_res,SBVT_TEST_68,Passed
SBVT_TEST_69_res,SBVT_TEST_69,Passed
SBVT_TEST_70_res,SBVT_TEST_70,Passed
SBVT_TEST_71_res,SBVT_TEST_71,Passed
SBVT_TEST_72_res,SBVT_TEST_72,Passed
SBVT_TEST_73_res,SBVT_TEST_73,Passed
SBVT_TEST_74_res,SBVT_TEST_74,Passed
SBVT_TEST_75_res,SBVT_TEST_75,Passed
SBVT_TEST_76_res,SBVT_TEST_76,Passed
SBVT_TEST_77_res,SBVT_TEST_77,Passed
SBVT_TEST_78_res,SBVT_TEST_78,Passed
SBVT_TEST_79_res,SBVT_TEST_79,Passed
SBVT_TEST_80_res,SBVT_TEST_80,Passed
SBVT_TEST_81_res,SBVT_TEST_81,Passed
SBVT_TEST_82_res,SBVT_TEST_82,Passed
SBVT_TEST_83_res,SBVT_TEST_83,Passed
SBVT_TEST_84_res,SBVT_TEST_84,Passed
SBVT_TEST_85_res,SBVT_TEST_85,Passed
SBVT_TEST_86_res,SBVT_TEST_86,Passed
SBVT_TEST_87_res,SBVT_TEST_87,Passed
SBVT_TEST_88_res,SBVT_TEST_88,Passed
SBVT_TEST_89_res,SBVT_TEST_89,Passed
SBVT_TEST_90_res,SBVT_TEST_90,Passed
SBVT_TEST_91_res,SBVT_TEST_91,Passed
SBVT_TEST_92_res,SBVT_TEST_92,Passed
SBVT_TEST_93_res,SBVT_TEST_93,Passed
SBVT_TEST_94_res,SBVT_TEST_94,Passed
SBVT_TEST_95_res,SBVT_TEST_95,Passed
SBVT_TEST_96_res,SBVT_TEST_96,Passed
SBVT_TEST_97_res,SBVT_TEST_97,Passed
SBVT_TEST_98_res,SBVT_TEST_98,Passed
SBVT_TEST_99_res,SBVT_TEST_99,Passed
SBVT_TEST_100_res,SBVT_TEST_100,Passed
SBVT_TEST_101_res,SBVT_TEST_101,Passed
SBVT_TEST_102_res,SBVT_TEST_102,Passed
SBVT_TEST_103_res,SBVT_TEST_103,Passed
SBVT_TEST_104_res,SBVT_TEST_104,Passed
SBVT_TEST_105_res,SBVT_TEST_105,Passed
SBVT_TEST_106_res,SBVT_TEST_106,Passed
SBVT_TEST_107_res,SBVT_TEST_107,Passed
SBVT_TEST_108_res,SBVT_TEST_108,Passed
SBVT_TEST_109_res,SBVT_TEST_109,Passed
SBVT_TEST_110_res,SBVT_TEST_110,Passed
SBVT_TEST_111_res,SBVT_TEST_111,Passed
SBVT_TEST_112_res,SBVT_TEST_112,Passed
SBVT_TEST_113_res,SBVT_TEST_113,Passed
SBVT_TEST_114_res,SBVT_TEST_114,Passed
SBVT_TEST_115_res,SBVT_TEST_115,Passed
SBVT_TEST_116_res,SBVT_TEST_116,Passed
SBVT_TEST_117_res,SBVT_TEST_117,Passed
SBVT_TEST_118_res,SBVT_TEST_118,Passed
SBVT_TEST_119_res,SBVT_TEST_119,Passed
SBVT_TEST_120_res,SBVT_TEST_120,Passed
SBVT_TEST_121_res,SBVT_TEST_121,Passed
SBVT_TEST_122_res,SBVT_TEST_122,Passed
SBVT_TEST_123_res,SBVT_TEST_123,Passed
SBVT_TEST_124_res,SBVT_TEST_124,Passed
SBVT_TEST_125_res,SBVT_TEST_125,Passed
SBVT_TEST_126_res,SBVT_TEST_126,Passed
SBVT_TEST_127_res,SBVT_TEST_127,Passed
SBVT_TEST_128_res,SBVT_TEST_128,Passed
SBVT_TEST_129_res,SBVT_TEST_129,Passed
SBVT_TEST_130_res,SBVT_TEST_130,Passed
SBVT_TEST_131_res,SBVT_TEST_131,Passed
SBVT_TEST_132_res,SBVT_TEST_132,Passed
SBVT_TEST_133_res,SBVT_TEST_133,Passed
SBVT_TEST_134_res,SBVT_TEST_134,Passed
SBVT_TEST_135_res,SBVT_TEST_135,Passed
SBVT_TEST_136_res,SBVT_TEST_136,Passed
SBVT_TEST_137_res,SBVT_TEST_137,Passed
SBVT_TEST_138_res,SBVT_TEST_138,Passed
SBVT_TEST_139_res,SBVT_TEST_139,Passed
SBVT_TEST_140_res,SBVT_TEST_140,Passed
SBVT_TEST_141_res,SBVT_TEST_141,Passed
SBVT_TEST_142_res,SBVT_TEST_142,Passed
SBVT_TEST_143_res,SBVT_TEST_143,Passed
SBVT_TEST_144_res,SBVT_TEST_144,Passed
SBVT_TEST_145_res,SBVT_TEST_145,Passed
SBVT_TEST_146_res,SBVT_TEST_146,Passed
SBVT_TEST_147_res,SBVT_TEST_147,Passed
SBVT_TEST_148_res,SBVT_TEST_148,Passed
SBVT_TEST_149_res,SBVT_TEST_149,Passed
SBVT_TEST_150_res,SBVT_TEST_150,Passed
SBVT_TEST_151_res,SBVT_TEST_151,Passed
SBVT_TEST_152_res,SBVT_TEST_152,Passed
SBVT_TEST_153_res,SBVT_TEST_153,Passed
SBVT_TEST_154_res,SBVT_TEST_154,Passed
SBVT_TEST_155_res,SBVT_TEST_155,Passed
SBVT_TEST_156_res,SBVT_TEST_156,Passed
SBVT_TEST_157_res,SBVT_TEST_157,Passed
SBVT_TEST_158_res,SBVT_TEST_158,Passed
SBVT_TEST_159_res,SBVT_TEST_159,Passed
SBVT_TEST_160_res,SBVT_TEST_160,Passed
SBVT_TEST_161_res,SBVT_TEST_161,Passed
SBVT_TEST_162_res,SBVT_TEST_162,Passed
SBVT_TEST_163_res,SBVT_TEST_163,Passed
SBVT_TEST_164_res,SBVT_TEST_164,Passed
SBVT_TEST_165_res,SBVT_TEST_165,Passed
SBVT_TEST_166_res,SBVT_TEST_166,Passed
SBVT_TEST_167_res,SBVT_TEST_167,Passed
SBVT_TEST_168_res,SBVT_TEST_168,Passed
SBVT_TEST_169_res,SBVT_TEST_169,Passed
SBVT_TEST_170_res,SBVT_TEST_170,Passed
SBVT_TEST_171_res,SBVT_TEST_171,Passed
SBVT_TEST_172_res,SBVT_TEST_172,Passed
SBVT_TEST_173_res,SBVT_TEST_173,Passed
SBVT_TEST_174_res,SBVT_TEST_174,Passed
SBVT_TEST_175_res,SBVT_TEST_175,Passed
SBVT_TEST_176_res,SBVT_TEST_176,Passed
SBVT_TEST_177_res,SBVT_TEST_177,Passed
SBVT_TEST_178_res,SBVT_TEST_178,Passed
SBVT_TEST_179_res,SBVT_TEST_179,Passed
SBVT_TEST_180_res,SBVT_TEST_180,Passed
SBVT_TEST_181_res,SBVT_TEST_181,Passed
SBVT_TEST_182_res,SBVT_TEST_182,Passed
SBVT_TEST_183_res,SBVT_TEST_183,Passed
SBVT_TEST_184_res,SBVT_TEST_184,Passed
SBVT_TEST_185_res,SBVT_TEST_185,Passed
SBVT_TEST_186_res,SBVT_TEST_186,Passed
SBVT_TEST_187_res,SBVT_TEST_187,Passed
SBVT_TEST_188_res,SBVT_TEST_188,Passed
SBVT_TEST_189_res,SBVT_TEST_189,Passed
SBVT_TEST_190_res,SBVT_TEST_190,Passed
SBVT_TEST_191_res,SBVT_TEST_191,Passed
SBVT_TEST_192_res,SBVT_TEST_192,Passed
SBVT_TEST_193_res,SBVT_TEST_193,Passed
SBVT_TEST_194_res,SBVT_TEST_194,Passed
SBVT_TEST_195_res,SBVT_TEST_195,Passed
SBVT_TEST_196_res,SBVT_TEST_196,Passed
SBVT_TEST_197_res,SBVT_TEST_197,Passed
SBVT_TEST_198_res,SBVT_TEST_198,Passed
SBVT_TEST_199_res,SBVT_TEST_199,Passed
SBVT_TEST_200_res,SBVT_TEST_200,Passed
SBVT_TEST_201_res,SBVT_TEST_201,Passed
SBVT_TEST_202_res,SBVT_TEST_202,Passed
SBVT_TEST_203_res,SBVT_TEST_203,Passed
SBVT_TEST_204_res,SBVT_TEST_204,Passed
SBVT_TEST_205_res,SBVT_TEST_205,Passed
SBVT_TEST_206_res,SBVT_TEST_206,Passed
SBVT_TEST_207_res,SBVT_TEST_207,Passed
SBVT_TEST_208_res,SBVT_TEST_208,Passed
SBVT_TEST_209_res,SBVT_TEST_209,Passed
SBVT_TEST_210_res,SBVT_TEST_210,Passed
SBVT_TEST_211_res,SBVT_TEST_211,Passed
SBVT_TEST_212_res,SBVT_TEST_212,Passed
SBVT_TEST_213_res,SBVT_TEST_213,Passed
SBVT_TEST_214_res,SBVT_TEST_214,Passed
SBVT_TEST_215_res,SBVT_TEST_215,Passed
SBVT_TEST_216_res,SBVT_TEST_216,Passed
SBVT_TEST_217_res,SBVT_TEST_217,Passed
SBVT_TEST_218_res,SBVT_TEST_218,Passed
SBVT_TEST_219_res,SBVT_TEST_219,Passed
SBVT_TEST_220_res,SBVT_TEST_220,Passed
SBVT_TEST_221_res,SBVT_TEST_221,Passed
SBVT_TEST_222_res,SBVT_TEST_222,Passed
SBVT_TEST_223_res,SBVT_TEST_223,Passed
SBVT_TEST_224_res,SBVT_TEST_224,Passed
SBVT_TEST_225_res,SBVT_TEST_225,Passed
SBVT_TEST_226_res,SBVT_TEST_226,Passed
SBVT_TEST_227_res,SBVT_TEST_227,Passed
SBVT_TEST_228_res,SBVT_TEST_228,Passed
SBVT_TEST_229_res,SBVT_TEST_229,Passed
SBVT_TEST_230_res,SBVT_TEST_230,Passed
SBVT_TEST_231_res,SBVT_TEST_231,Passed
SBVT_TEST_232_res,SBVT_TEST_232,Passed
SBVT_TEST_233_res,SBVT_TEST_233,Passed
SBVT_TEST_234_res,SBVT_TEST_234,Passed
SBVT_TEST_235_res,SBVT_TEST_235,Passed
SBVT_TEST_236_res,SBVT_TEST_236,Passed
SBVT_TEST_237_res,SBVT_TEST_237,Passed
SBVT_TEST_238_res,SBVT_TEST_238,Passed
SBVT_TEST_239_res,SBVT_TEST_239,Passed
SBVT_TEST_240_res,SBVT_TEST_240,Passed
SBVT_TEST_241_res,SBVT_TEST_241,Passed
SBVT_TEST_242_res,SBVT_TEST_242,Passed
SBVT_TEST_243_res,SBVT_TEST_243,Passed
SBVT_TEST_244_res,SBVT_TEST_244,Passed
SBVT_TEST_245_res,SBVT_TEST_245,Passed
SBVT_TEST_246_res,SBVT_TEST_246,Passed
SBVT_TEST_247_res,SBVT_TEST_247,Passed
SBVT_TEST_248_res,SBVT_TEST_248,Passed
SBVT_TEST_249_res,SBVT_TEST_249,Passed
SBVT_TEST_250_res,SBVT_TEST_250,Passed
SBVT_TEST_251_res,SBVT_TEST_251,Passed
SBVT_TEST_252_res,SBVT_TEST_252,Passed
SBVT_TEST_253_res,SBVT_TEST_253,Passed
SBVT_TEST_254_res,SBVT_TEST_254,Passed
SBVT_TEST_255_res,SBVT_TEST_255,Passed
SBVT_TEST_256_res,SBVT_TEST_256,Passed
SBVT_TEST_257_res,SBVT_TEST_257,Passed
SBVT_TEST_258_res,SBVT_TEST_258,Passed
SBVT_TEST_259_res,SBVT_TEST_259,Passed
SBVT_TEST_260_res,SBVT_TEST_260,Passed
SBVT_TEST_261_res,SBVT_TEST_261,Passed
SBVT_TEST_262_res,SBVT_TEST_262,Passed
SBVT_TEST_263_res,SBVT_TEST_263,Passed
SBVT_TEST_264_res,SBVT_TEST_264,Passed
SBVT_TEST_265_res,SBVT_TEST_265,Passed
SBVT_TEST_266_res,SBVT_TEST_266,Passed
SBVT_TEST_267_res,SBVT_TEST_267,Passed
SBVT_TEST_268_res,SBVT_TEST_268,Passed
SBVT_TEST_269_res,SBVT_TEST_269,Passed
SBVT_TEST_270_res,SBVT_TEST_270,Passed
SBVT_TEST_271_res,SBVT_TEST_271,Passed
SBVT_TEST_272_res,SBVT_TEST_272,Passed
SBVT_TEST_273_res,SBVT_TEST_273,Passed
SBVT_TEST_274_res,SBVT_TEST_274,Passed
SBVT_TEST_275_res,SBVT_TEST_275,Passed
SBVT_TEST_276_res,SBVT_TEST_276,Passed
SBVT_TEST_277_res,SBVT_TEST_277,Passed
SBVT_TEST_278_res,SBVT_TEST_278,Passed
SBVT_TEST_279_res,SBVT_TEST_279,Passed
SBVT_TEST_280_res,SBVT_TEST_280,Passed
SBVT_TEST_281_res,SBVT_TEST_281,Passed
SBVT_TEST_282_res,SBVT_TEST_282,Passed
SBVT_TEST_283_res,SBVT_TEST_283,Passed
SBVT_TEST_284_res,SBVT_TEST_284,Passed
SBVT_TEST_285_res,SBVT_TEST_285,Passed
SBVT_TEST_286_res,SBVT_TEST_286,Passed
SBVT_TEST_287_res,SBVT_TEST_287,Passed
SBVT_TEST_288_res,SBVT_TEST_288,Passed
SBVT_TEST_289_res,SBVT_TEST_289,Passed
SBVT_TEST_290_res,SBVT_TEST_290,Passed
SBVT_TEST_291_res,SBVT_TEST_291,Passed
SBVT_TEST_292_res,SBVT_TEST_292,Passed
SBVT_TEST_293_res,SBVT_TEST_293,Passed
SBVT_TEST_294_res,SBVT_TEST_294,Passed
SBVT_TEST_295_res,SBVT_TEST_295,Passed
SBVT_TEST_296_res,SBVT_TEST_296,Passed
SBVT_TEST_297_res,SBVT_TEST_297,Passed
SBVT_TEST_298_res,SBVT_TEST_298,Passed
SBVT_TEST_299_res,SBVT_TEST_299,Passed
SBVT_TEST_300_res,SBVT_TEST_300,Passed
SBVT_TEST_301_res,SBVT_TEST_301,Passed
SBVT_TEST_302_res,SBVT_TEST_302,Passed
SBVT_TEST_303_res,SBVT_TEST_303,Passed
SBVT_TEST_304_res,SBVT_TEST_304,Passed
SBVT_TEST_305_res,SBVT_TEST_305,Passed
SBVT_TEST_306_res,SBVT_TEST_306,Passed
SBVT_TEST_307_res,SBVT_TEST_307,Passed
SBVT_TEST_308_res,SBVT_TEST_308,Passed
SBVT_TEST_309_res,SBVT_TEST_309,Passed
SBVT_TEST_310_res,SBVT_TEST_310,Passed
SBVT_TEST_311_res,SBVT_TEST_311,Passed
SBVT_TEST_312_res,SBVT_TEST_312,Passed
SBVT_TEST_313_res,SBVT_TEST_313,Passed
SBVT_TEST_314_res,SBVT_TEST_314,Passed
SBVT_TEST_315_res,SBVT_TEST_315,Passed
SBVT_TEST_316_res,SBVT_TEST_316,Passed
SBVT_TEST_317_res,SBVT_TEST_317,Passed
SBVT_TEST_318_res,SBVT_TEST_318,Passed
SBVT_TEST_319_res,SBVT_TEST_319,Passed
SBVT_TEST_320_res,SBVT_TEST_320,Passed
SBVT_TEST_321_res,SBVT_TEST_321,Passed
SBVT_TEST_322_res,SBVT_TEST_322,Passed
SBVT_TEST_323_res,SBVT_TEST_323,Passed
SBVT_TEST_324_res,SBVT_TEST_324,Passed
SBVT_TEST_325_res,SBVT_TEST_325,Passed
SBVT_TEST_326_res,SBVT_TEST_326,Passed
SBVT_TEST_327_res,SBVT_TEST_327,Passed
SBVT_TEST_328_res,SBVT_TEST_328,Passed
SBVT_TEST_329_res,SBVT_TEST_329,Passed
SBVT_TEST_330_res,SBVT_TEST_330,Passed
SBVT_TEST_331_res,SBVT_TEST_331,Passed
SBVT_TEST_332_res,SBVT_TEST_332,Passed
SBVT_TEST_333_res,SBVT_TEST_333,Passed
SBVT_TEST_334_res,SBVT_TEST_334,Passed
SBVT_TEST_335_res,SBVT_TEST_335,Passed
SBVT_TEST_336_res,SBVT_TEST_336,Passed
SBVT_TEST_337_res,SBVT_TEST_337,Passed
SBVT_TEST_338_res,SBVT_TEST_338,Passed
SBVT_TEST_339_res,SBVT_TEST_339,Passed
SBVT_TEST_340_res,SBVT_TEST_340,Passed
SBVT_TEST_341_res,SBVT_TEST_341,Passed
SBVT_TEST_342_res,SBVT_TEST_342,Passed
SBVT_TEST_343_res,SBVT_TEST_343,Passed
SBVT_TEST_344_res,SBVT_TEST_344,Passed
SBVT_TEST_345_res,SBVT_TEST_345,Passed
SBVT_TEST_346_res,SBVT_TEST_346,Passed
SBVT_TEST_347_res,SBVT_TEST_347,Passed
SBVT_TEST_348_res,SBVT_TEST_348,Passed
SBVT_TEST_349_res,SBVT_TEST_349,Passed
SBVT_TEST_350_res,SBVT_TEST_350,Passed
SBVT_TEST_351_res,SBVT_TEST_351,Passed
SBVT_TEST_352_res,SBVT_TEST_352,Passed
SBVT_TEST_353_res,SBVT_TEST_353,Passed
SBVT_TEST_354_res,SBVT_TEST_354,Passed
SBVT_TEST_355_res,SBVT_TEST_355,Passed
SBVT_TEST_356_res,SBVT_TEST_356,Passed
SBVT_TEST_357_res,SBVT_TEST_357,Passed
SBVT_TEST_358_res,SBVT_TEST_358,Passed
SBVT_TEST_359_res,SBVT_TEST_359,Passed
SBVT_TEST_360_res,SBVT_TEST_360,Passed
SBVT_TEST_361_res,SBVT_TEST_361,Passed
SBVT_TEST_362_res,SBVT_TEST_362,Passed
SBVT_TEST_363_res,SBVT_TEST_363,Passed
SBVT_TEST_364_res,SBVT_TEST_364,Passed
SBVT_TEST_365_res,SBVT_TEST_365,Passed
SBVT_TEST_366_res,SBVT_TEST_366,Passed
SBVT_TEST_367_res,SBVT_TEST_367,Passed
SBVT_TEST_368_res,SBVT_TEST_368,Passed
SBVT_TEST_369_res,SBVT_TEST_369,Passed
SBVT_TEST_370_res,SBVT_TEST_370,Passed
SBVT_TEST_371_res,SBVT_TEST_371,Passed
SBVT_TEST_372_res,SBVT_TEST_372,Passed
SBVT_TEST_373_res,SBVT_TEST_373,Passed
SBVT_TEST_374_res,SBVT_TEST_374,Passed
SBVT_TEST_375_res,SBVT_TEST_375,Passed
SBVT_TEST_376_res,SBVT_TEST_376,Passed
SBVT_TEST_377_res,SBVT_TEST_377,Passed
SBVT_TEST_378_res,SBVT_TEST_378,Passed
SBVT_TEST_379_res,SBVT_TEST_379,Passed
SBVT_TEST_380_res,SBVT_TEST_380,Passed
SBVT_TEST_381_res,SBVT_TEST_381,Passed
SBVT_TEST_382_res,SBVT_TEST_382,Passed
SBVT_TEST_383_res,SBVT_TEST_383,Passed
SBVT_TEST_384_res,SBVT_TEST_384,Passed
SBVT_TEST_385_res,SBVT_TEST_385,Passed
SBVT_TEST_386_res,SBVT_TEST_386,Passed
SBVT_TEST_387_res,SBVT_TEST_387,Passed
SBVT_TEST_388_res,SBVT_TEST_388,Passed
SBVT_TEST_389_res,SBVT_TEST_389,Passed
SBVT_TEST_390_res,SBVT_TEST_390,Passed
SBVT_TEST_391_res,SBVT_TEST_391,Passed
SBVT_TEST_392_res,SBVT_TEST_392,Passed
SBVT_TEST_393_res,SBVT_TEST_393,Passed
SBVT_TEST_394_res,SBVT_TEST_394,Passed
SBVT_TEST_395_res,SBVT_TEST_395,Passed
SBVT_TEST_396_res,SBVT_TEST_396,Passed
SBVT_TEST_397_res,SBVT_TEST_397,Passed
SBVT_TEST_398_res,SBVT_TEST_398,Passed
SBVT_TEST_399_res,SBVT_TEST_399,Passed
SBVT_TEST_400_res,SBVT_TEST_400,Passed
SBVT_TEST_401_res,SBVT_TEST_401,Passed
SBVT_TEST_402_res,SBVT_TEST_402,Passed
SBVT_TEST_403_res,SBVT_TEST_403,Passed
SBVT_TEST_404_res,SBVT_TEST_404,Passed
SBVT_TEST_405_res,SBVT_TEST_405,Passed
SBVT_TEST_406_res,SBVT_TEST_406,Passed
SBVT_TEST_407_res,SBVT_TEST_407,Passed
SBVT_TEST_408_res,SBVT_TEST_408,Passed
SBVT_TEST_409_res,SBVT_TEST_409,Passed
SBVT_TEST_410_res,SBVT_TEST_410,Passed
SBVT_TEST_411_res,SBVT_TEST_411,Passed
SBVT_TEST_412_res,SBVT_TEST_412,Passed
SBVT_TEST_413_res,SBVT_TEST_413,Passed
SBVT_TEST_414_res,SBVT_TEST_414,Passed
SBVT_TEST_415_res,SBVT_TEST_415,Passed
SBVT_TEST_416_res,SBVT_TEST_416,Passed
SBVT_TEST_417_res,SBVT_TEST_417,Passed
SBVT_TEST_418_res,SBVT_TEST_418,Passed
SBVT_TEST_419_res,SBVT_TEST_419,Passed
SBVT_TEST_420_res,SBVT_TEST_420,Passed
SBVT_TEST_421_res,SBVT_TEST_421,Passed
SBVT_TEST_422_res,SBVT_TEST_422,Passed
SBVT_TEST_423_res,SBVT_TEST_423,Passed
SBVT_TEST_424_res,SBVT_TEST_424,Passed
SBVT_TEST_425_res,SBVT_TEST_425,Passed
SBVT_TEST_426_res,SBVT_TEST_426,Passed
SBVT_TEST_427_res,SBVT_TEST_427,Passed
SBVT_TEST_428_res,SBVT_TEST_428,Passed
SBVT_TEST_429_res,SBVT_TEST_429,Passed
SBVT_TEST_430_res,SBVT_TEST_430,Passed
SBVT_TEST_431_res,SBVT_TEST_431,Passed
SBVT_TEST_432_res,SBVT_TEST_432,Passed
SBVT_TEST_433_res,SBVT_TEST_433,Passed
SBVT_TEST_434_res,SBVT_TEST_434,Passed
SBVT_TEST_435_res,SBVT_TEST_435,Passed
SBVT_TEST_436_res,SBVT_TEST_436,Passed
SBVT_TEST_437_res,SBVT_TEST_437,Passed
SBVT_TEST_438_res,SBVT_TEST_438,Passed
SBVT_TEST_439_res,SBVT_TEST_439,Passed
SBVT_TEST_440_res,SBVT_TEST_440,Passed
SBVT_TEST_441_res,SBVT_TEST_441,Passed
SBVT_TEST_442_res,SBVT_TEST_442,Passed
SBVT_TEST_443_res,SBVT_TEST_443,Passed
SBVT_TEST_444_res,SBVT_TEST_444,Passed
SBVT_TEST_445_res,SBVT_TEST_445,Passed
SBVT_TEST_446_res,SBVT_TEST_446,Passed
SBVT_TEST_447_res,SBVT_TEST_447,Passed
SBVT_TEST_448_res,SBVT_TEST_448,Passed
SBVT_TEST_449_res,SBVT_TEST_449,Passed
SBVT_TEST_450_res,SBVT_TEST_450,Passed
SBVT_TEST_451_res,SBVT_TEST_451,Passed
SBVT_TEST_452_res,SBVT_TEST_452,Passed
SBVT_TEST_453_res,SBVT_TEST_453,Passed
SBVT_TEST_454_res,SBVT_TEST_454,Passed
SBVT_TEST_455_res,SBVT_TEST_455,Passed
SBVT_TEST_456_res,SBVT_TEST_456,Passed
SBVT_TEST_457_res,SBVT_TEST_457,Passed
SBVT_TEST_458_res,SBVT_TEST_458,Passed
SBVT_TEST_459_res,SBVT_TEST_459,Passed
SBVT_TEST_460_res,SBVT_TEST_460,Passed
SBVT_TEST_461_res,SBVT_TEST_461,Passed
SBVT_TEST_462_res,SBVT_TEST_462,Passed
SBVT_TEST_463_res,SBVT_TEST_463,Passed
SBVT_TEST_464_res,SBVT_TEST_464,Passed
SBVT_TEST_465_res,SBVT_TEST_465,Passed
SBVT_TEST_466_res,SBVT_TEST_466,Passed
SBVT_TEST_467_res,SBVT_TEST_467,Passed
SBVT_TEST_468_res,SBVT_TEST_468,Passed
SBVT_TEST_469_res,SBVT_TEST_469,Passed
SBVT_TEST_470_res,SBVT_TEST_470,Passed
SBVT_TEST_471_res,SBVT_TEST_471,Passed
SBVT_TEST_472_res,SBVT_TEST_472,Passed
SBVT_TEST_473_res,SBVT_TEST_473,Passed
SBVT_TEST_474_res,SBVT_TEST_474,Passed
SBVT_TEST_475_res,SBVT_TEST_475,Passed
SBVT_TEST_476_res,SBVT_TEST_476,Passed
SBVT_TEST_477_res,SBVT_TEST_477,Passed
SBVT_TEST_478_res,SBVT_TEST_478,Passed
SBVT_TEST_479_res,SBVT_TEST_479,Passed
SBVT_TEST_480_res,SBVT_TEST_480,Passed
SBVT_TEST_481_res,SBVT_TEST_481,Passed
SBVT_TEST_482_res,SBVT_TEST_482,Passed
SBVT_TEST_483_res,SBVT_TEST_483,Passed
SBVT_TEST_484_res,SBVT_TEST_484,Passed
SBVT_TEST_485_res,SBVT_TEST_485,Passed
SBVT_TEST_486_res,SBVT_TEST_486,Passed
SBVT_TEST_487_res,SBVT_TEST_487,Passed
SBVT_TEST_488_res,SBVT_TEST_488,Passed
SBVT_TEST_489_res,SBVT_TEST_489,Passed
SBVT_TEST_490_res,SBVT_TEST_490,Passed
SBVT_TEST_491_res,SBVT_TEST_491,Passed
SBVT_TEST_492_res,SBVT_TEST_492,Passed
SBVT_TEST_493_res,SBVT_TEST_493,Passed
SBVT_TEST_494_res,SBVT_TEST_494,Passed
SBVT_TEST_495_res,SBVT_TEST_495,Passed
SBVT_TEST_496_res,SBVT_TEST_496,Passed
SBVT_TEST_497_res,SBVT_TEST_497,Passed
SBVT_TEST_498_res,SBVT_TEST_498,Passed
SBVT_TEST_499_res,SBVT_TEST_499,Passed
SBVT_TEST_500_res,SBVT_TEST_500,Passed
SBVT_TEST_501_res,SBVT_TEST_501,Passed
SBVT_TEST_502_res,SBVT_TEST_502,Passed
SBVT_TEST_503_res,SBVT_TEST_503,Passed
SBVT_TEST_504_res,SBVT_TEST_504,Passed
SBVT_TEST_505_res,SBVT_TEST_505,Passed
SBVT_TEST_506_res,SBVT_TEST_506,Passed
SBVT_TEST_507_res,SBVT_TEST_507,Passed
SBVT_TEST_508_res,SBVT_TEST_508,Passed
SBVT_TEST_509_res,SBVT_TEST_509,Passed
SBVT_TEST_510_res,SBVT_TEST_510,Passed
SBVT_TEST_511_res,SBVT_TEST_511,Passed
SBVT_TEST_512_res,SBVT_TEST_512,Passed
SBVT_TEST_513_res,SBVT_TEST_513,Passed
SBVT_TEST_514_res,SBVT_TEST_514,Passed
SBVT_TEST_515_res,SBVT_TEST_515,Passed
SBVT_TEST_516_res,SBVT_TEST_516,Passed
SBVT_TEST_517_res,SBVT_TEST_517,Passed
SBVT_TEST_518_res,SBVT_TEST_518,Passed
SBVT_TEST_519_res,SBVT_TEST_519,Passed
SBVT_TEST_520_res,SBVT_TEST_520,Passed
SBVT_TEST_521_res,SBVT_TEST_521,Passed
SBVT_TEST_522_res,SBVT_TEST_522,Passed
SBVT_TEST_523_res,SBVT_TEST_523,Passed
SBVT_TEST_524_res,SBVT_TEST_524,Passed
SBVT_TEST_525_res,SBVT_TEST_525,Passed
SBVT_TEST_526_res,SBVT_TEST_526,Passed
SBVT_TEST_527_res,SBVT_TEST_527,Passed
SBVT_TEST_528_res,SBVT_TEST_528,Passed
SBVT_TEST_529_res,SBVT_TEST_529,Passed
SBVT_TEST_530_res,SBVT_TEST_530,Passed
SBVT_TEST_531_res,SBVT_TEST_531,Passed
SBVT_TEST_532_res,SBVT_TEST_532,Passed
SBVT_TEST_533_res,SBVT_TEST_533,Passed
SBVT_TEST_534_res,SBVT_TEST_534,Passed
SBVT_TEST_535_res,SBVT_TEST_535,Passed
SBVT_TEST_536_res,SBVT_TEST_536,Passed
SBVT_TEST_537_res,SBVT_TEST_537,Passed
SBVT_TEST_538_res,SBVT_TEST_538,Passed
SBVT_TEST_539_res,SBVT_TEST_539,Passed
SBVT_TEST_540_res,SBVT_TEST_540,Passed
SBVT_TEST_541_res,SBVT_TEST_541,Passed
SBVT_TEST_542_res,SBVT_TEST_542,Passed
SBVT_TEST_543_res,SBVT_TEST_543,Passed
SBVT_TEST_544_res,SBVT_TEST_544,Passed
SBVT_TEST_545_res,SBVT_TEST_545,Passed
SBVT_TEST_546_res,SBVT_TEST_546,Passed
SBVT_TEST_547_res,SBVT_TEST_547,Passed
SBVT_TEST_548_res,SBVT_TEST_548,Passed
SBVT_TEST_549_res,SBVT_TEST_549,Passed
SBVT_TEST_550_res,SBVT_TEST_550,Passed
SBVT_TEST_551_res,SBVT_TEST_551,Passed
SBVT_TEST_552_res,SBVT_TEST_552,Passed
SBVT_TEST_553_res,SBVT_TEST_553,Passed
SBVT_TEST_554_res,SBVT_TEST_554,Passed
SBVT_TEST_555_res,SBVT_TEST_555,Passed
SBVT_TEST_556_res,SBVT_TEST_556,Passed
SBVT_TEST_557_res,SBVT_TEST_557,Passed
SBVT_TEST_558_res,SBVT_TEST_558,Passed
SBVT_TEST_559_res,SBVT_TEST_559,Passed
SBVT_TEST_560_res,SBVT_TEST_560,Passed
SBVT_TEST_561_res,SBVT_TEST_561,Passed
SBVT_TEST_562_res,SBVT_TEST_562,Passed
SBVT_TEST_563_res,SBVT_TEST_563,Passed
SBVT_TEST_564_res,SBVT_TEST_564,Passed
SBVT_TEST_565_res,SBVT_TEST_565,Passed
SBVT_TEST_566_res,SBVT_TEST_566,Passed
SBVT_TEST_567_res,SBVT_TEST_567,Passed
SBVT_TEST_568_res,SBVT_TEST_568,Passed
SBVT_TEST_569_res,SBVT_TEST_569,Passed
SBVT_TEST_570_res,SBVT_TEST_570,Passed
SBVT_TEST_571_res,SBVT_TEST_571,Passed
SBVT_TEST_572_res,SBVT_TEST_572,Passed
SBVT_TEST_573_res,SBVT_TEST_573,Passed
SBVT_TEST_574_res,SBVT_TEST_574,Passed
SBVT_TEST_575_res,SBVT_TEST_575,Passed
SBVT_TEST_576_res,SBVT_TEST_576,Passed
SBVT_TEST_577_res,SBVT_TEST_577,Passed
SBVT_TEST_578_res,SBVT_TEST_578,Passed
SBVT_TEST_579_res,SBVT_TEST_579,Passed
SBVT_TEST_580_res,SBVT_TEST_580,Passed
SBVT_TEST_581_res,SBVT_TEST_581,Passed
SBVT_TEST_582_res,SBVT_TEST_582,Passed
SBVT_TEST_583_res,SBVT_TEST_583,Passed
SBVT_TEST_584_res,SBVT_TEST_584,Passed
SBVT_TEST_585_res,SBVT_TEST_585,Passed
SBVT_TEST_586_res,SBVT_TEST_586,Passed
SBVT_TEST_587_res,SBVT_TEST_587,Passed
SBVT_TEST_588_res,SBVT_TEST_588,Passed
SBVT_TEST_589_res,SBVT_TEST_589,Passed
SBVT_TEST_590_res,SBVT_TEST_590,Passed
SBVT_TEST_591_res,SBVT_TEST_591,Passed
SBVT_TEST_592_res,SBVT_TEST_592,Passed
SBVT_TEST_593_res,SBVT_TEST_593,Passed
SBVT_TEST_594_res,SBVT_TEST_594,Passed
SBVT_TEST_595_res,SBVT_TEST_595,Passed
SBVT_TEST_596_res,SBVT_TEST_596,Passed
SBVT_TEST_597_res,SBVT_TEST_597,Passed
SBVT_TEST_598_res,SBVT_TEST_598,Passed
SBVT_TEST_599_res,SBVT_TEST_599,Passed
SBVT_TEST_600_res,SBVT_TEST_600,Passed
SBVT_TEST_601_res,SBVT_TEST_601,Passed
SBVT_TEST_602_res,SBVT_TEST_602,Passed
SBVT_TEST_603_res,SBVT_TEST_603,Passed
SBVT_TEST_604_res,SBVT_TEST_604,Passed
SBVT_TEST_605_res,SBVT_TEST_605,Passed
SBVT_TEST_606_res,SBVT_TEST_606,Passed
SBVT_TEST_607_res,SBVT_TEST_607,Passed
SBVT_TEST_608_res,SBVT_TEST_608,Passed
SBVT_TEST_609_res,SBVT_TEST_609,Passed
SBVT_TEST_610_res,SBVT_TEST_610,Passed
SBVT_TEST_611_res,SBVT_TEST_611,Passed
SBVT_TEST_612_res,SBVT_TEST_612,Passed
SBVT_TEST_613_res,SBVT_TEST_613,Passed
SBVT_TEST_614_res,SBVT_TEST_614,Passed
SBVT_TEST_615_res,SBVT_TEST_615,Passed
SBVT_TEST_616_res,SBVT_TEST_616,Passed
SBVT_TEST_617_res,SBVT_TEST_617,Passed
SBVT_TEST_618_res,SBVT_TEST_618,Passed
SBVT_TEST_619_res,SBVT_TEST_619,Passed
SBVT_TEST_620_res,SBVT_TEST_620,Passed
SBVT_TEST_621_res,SBVT_TEST_621,Passed
SBVT_TEST_622_res,SBVT_TEST_622,Passed
SBVT_TEST_623_res,SBVT_TEST_623,Passed
SBVT_TEST_624_res,SBVT_TEST_624,Passed
SBVT_TEST_625_res,SBVT_TEST_625,Passed
SBVT_TEST_626_res,SBVT_TEST_626,Passed
SBVT_TEST_627_res,SBVT_TEST_627,Passed
SBVT_TEST_628_res,SBVT_TEST_628,Passed
SBVT_TEST_629_res,SBVT_TEST_629,Passed
SBVT_TEST_630_res,SBVT_TEST_630,Passed
SBVT_TEST_631_res,SBVT_TEST_631,Passed
SBVT_TEST_632_res,SBVT_TEST_632,Passed
SBVT_TEST_633_res,SBVT_TEST_633,Passed
SBVT_TEST_634_res,SBVT_TEST_634,Passed
SBVT_TEST_635_res,SBVT_TEST_635,Passed
SBVT_TEST_636_res,SBVT_TEST_636,Passed
SBVT_TEST_637_res,SBVT_TEST_637,Passed
SBVT_TEST_638_res,SBVT_TEST_638,Passed
SBVT_TEST_639_res,SBVT_TEST_639,Passed
SBVT_TEST_640_res,SBVT_TEST_640,Passed
SBVT_TEST_641_res,SBVT_TEST_641,Passed
SBVT_TEST_642_res,SBVT_TEST_642,Passed
SBVT_TEST_643_res,SBVT_TEST_643,Passed
SBVT_TEST_644_res,SBVT_TEST_644,Passed
SBVT_TEST_645_res,SBVT_TEST_645,Passed
SBVT_TEST_646_res,SBVT_TEST_646,Passed
SBVT_TEST_647_res,SBVT_TEST_647,Passed
SBVT_TEST_648_res,SBVT_TEST_648,Passed
SBVT_TEST_649_res,SBVT_TEST_649,Passed
SBVT_TEST_650_res,SBVT_TEST_650,Passed
SBVT_TEST_651_res,SBVT_TEST_651,Passed
SBVT_TEST_652_res,SBVT_TEST_652,Passed
SBVT_TEST_653_res,SBVT_TEST_653,Passed
SBVT_TEST_654_res,SBVT_TEST_654,Passed
SBVT_TEST_655_res,SBVT_TEST_655,Passed
SBVT_TEST_656_res,SBVT_TEST_656,Passed
SBVT_TEST_657_res,SBVT_TEST_657,Passed
SBVT_TEST_658_res,SBVT_TEST_658,Passed
SBVT_TEST_659_res,SBVT_TEST_659,Passed
SBVT_TEST_660_res,SBVT_TEST_660,Passed
SBVT_TEST_661_res,SBVT_TEST_661,Passed
SBVT_TEST_662_res,SBVT_TEST_662,Passed
SBVT_TEST_663_res,SBVT_TEST_663,Passed
SBVT_TEST_664_res,SBVT_TEST_664,Passed
SBVT_TEST_665_res,SBVT_TEST_665,Passed
SBVT_TEST_666_res,SBVT_TEST_666,Passed
SBVT_TEST_667_res,SBVT_TEST_667,Passed
SBVT_TEST_668_res,SBVT_TEST_668,Passed
SBVT_TEST_669_res,SBVT_TEST_669,Passed
SBVT_TEST_670_res,SBVT_TEST_670,Passed
SBVT_TEST_671_res,SBVT_TEST_671,Passed
SBVT_TEST_672_res,SBVT_TEST_672,Passed
SBVT_TEST_673_res,SBVT_TEST_673,Passed
SBVT_TEST_674_res,SBVT_TEST_674,Passed
SBVT_TEST_675_res,SBVT_TEST_675,Passed
SBVT_TEST_676_res,SBVT_TEST_676,Passed
SBVT_TEST_677_res,SBVT_TEST_677,Passed
SBVT_TEST_678_res,SBVT_TEST_678,Passed
SBVT_TEST_679_res,SBVT_TEST_679,Passed
SBVT_TEST_680_res,SBVT_TEST_680,Passed
SBVT_TEST_681_res,SBVT_TEST_681,Passed
SBVT_TEST_682_res,SBVT_TEST_682,Passed
SBVT_TEST_683_res,SBVT_TEST_683,Passed
SBVT_TEST_684_res,SBVT_TEST_684,Passed
SBVT_TEST_685_res,SBVT_TEST_685,Passed
SBVT_TEST_686_res,SBVT_TEST_686,Passed
SBVT_TEST_687_res,SBVT_TEST_687,Passed
SBVT_TEST_688_res,SBVT_TEST_688,Passed
SBVT_TEST_689_res,SBVT_TEST_689,Passed
SBVT_TEST_690_res,SBVT_TEST_690,Passed
SBVT_TEST_691_res,SBVT_TEST_691,Passed
SBVT_TEST_692_res,SBVT_TEST_692,Passed
SBVT_TEST_693_res,SBVT_TEST_693,Passed
SBVT_TEST_694_res,SBVT_TEST_694,Passed
SBVT_TEST_695_res,SBVT_TEST_695,Passed
SBVT_TEST_696_res,SBVT_TEST_696,Passed
SBVT_TEST_697_res,SBVT_TEST_697,Passed
SBVT_TEST_698_res,SBVT_TEST_698,Passed
SBVT_TEST_699_res,SBVT_TEST_699,Passed
SBVT_TEST_700_res,SBVT_TEST_700,Passed
SBVT_TEST_701_res,SBVT_TEST_701,Passed
SBVT_TEST_702_res,SBVT_TEST_702,Passed
SBVT_TEST_703_res,SBVT_TEST_703,Passed
SBVT_TEST_704_res,SBVT_TEST_704,Passed
SBVT_TEST_705_res,SBVT_TEST_705,Passed
SBVT_TEST_706_res,SBVT_TEST_706,Passed
SBVT_TEST_707_res,SBVT_TEST_707,Passed
SBVT_TEST_708_res,SBVT_TEST_708,Passed
SBVT_TEST_709_res,SBVT_TEST_709,Passed
SBVT_TEST_710_res,SBVT_TEST_710,Passed
SBVT_TEST_711_res,SBVT_TEST_711,Passed
SBVT_TEST_712_res,SBVT_TEST_712,Passed
SBVT_TEST_713_res,SBVT_TEST_713,Passed
SBVT_TEST_714_res,SBVT_TEST_714,Passed
SBVT_TEST_715_res,SBVT_TEST_715,Passed
SBVT_TEST_716_res,SBVT_TEST_716,Passed
SBVT_TEST_717_res,SBVT_TEST_717,Passed
SBVT_TEST_718_res,SBVT_TEST_718,Passed
SBVT_TEST_719_res,SBVT_TEST_719,Passed
SBVT_TEST_720_res,SBVT_TEST_720,Passed
SBVT_TEST_721_res,SBVT_TEST_721,Passed
SBVT_TEST_722_res,SBVT_TEST_722,Passed
SBVT_TEST_723_res,SBVT_TEST_723,Passed
SBVT_TEST_724_res,SBVT_TEST_724,Passed
SBVT_TEST_725_res,SBVT_TEST_725,Passed
SBVT_TEST_726_res,SBVT_TEST_726,Passed
SBVT_TEST_727_res,SBVT_TEST_727,Passed
SBVT_TEST_728_res,SBVT_TEST_728,Passed
SBVT_TEST_729_res,SBVT_TEST_729,Passed
SBVT_TEST_730_res,SBVT_TEST_730,Passed
SBVT_TEST_731_res,SBVT_TEST_731,Passed
SBVT_TEST_732_res,SBVT_TEST_732,Passed
SBVT_TEST_733_res,SBVT_TEST_733,Passed
SBVT_TEST_734_res,SBVT_TEST_734,Passed
SBVT_TEST_735_res,SBVT_TEST_735,Passed
SBVT_TEST_736_res,SBVT_TEST_736,Passed
SBVT_TEST_737_res,SBVT_TEST_737,Passed
SBVT_TEST_738_res,SBVT_TEST_738,Passed
SBVT_TEST_739_res,SBVT_TEST_739,Passed
SBVT_TEST_740_res,SBVT_TEST_740,Passed
SBVT_TEST_741_res,SBVT_TEST_741,Passed
SBVT_TEST_742_res,SBVT_TEST_742,Passed
SBVT_TEST_743_res,SBVT_TEST_743,Passed
SBVT_TEST_744_res,SBVT_TEST_744,Passed
SBVT_TEST_745_res,SBVT_TEST_745,Passed
SBVT_TEST_746_res,SBVT_TEST_746,Passed
SBVT_TEST_747_res,SBVT_TEST_747,Passed
SBVT_TEST_748_res,SBVT_TEST_748,Passed
SBVT_TEST_749_res,SBVT_TEST_749,Passed
SBVT_TEST_750_res,SBVT_TEST_750,Passed
SBVT_TEST_751_res,SBVT_TEST_751,Passed
SBVT_TEST_752_res,SBVT_TEST_752,Passed
SBVT_TEST_753_res,SBVT_TEST_753,Passed
SBVT_TEST_754_res,SBVT_TEST_754,Passed
SBVT_TEST_755_res,SBVT_TEST_755,Passed
SBVT_TEST_756_res,SBVT_TEST_756,Passed
SBVT_TEST_757_res,SBVT_TEST_757,Passed
SBVT_TEST_758_res,SBVT_TEST_758,Passed
SBVT_TEST_759_res,SBVT_TEST_759,Passed
SBVT_TEST_760_res,SBVT_TEST_760,Passed
SBVT_TEST_761_res,SBVT_TEST_761,Passed
SBVT_TEST_762_res,SBVT_TEST_762,Passed
SBVT_TEST_763_res,SBVT_TEST_763,Passed
SBVT_TEST_764_res,SBVT_TEST_764,Passed
SBVT_TEST_765_res,SBVT_TEST_765,Passed
SBVT_TEST_766_res,SBVT_TEST_766,Passed
SBVT_TEST_767_res,SBVT_TEST_767,Passed
SBVT_TEST_768_res,SBVT_TEST_768,Passed
SBVT_TEST_769_res,SBVT_TEST_769,Passed
SBVT_TEST_770_res,SBVT_TEST_770,Passed
SBVT_TEST_771_res,SBVT_TEST_771,Passed
SBVT_TEST_772_res,SBVT_TEST_772,Passed
SBVT_TEST_773_res,SBVT_TEST_773,Passed
SBVT_TEST_774_res,SBVT_TEST_774,Passed
SBVT_TEST_775_res,SBVT_TEST_775,Passed
SBVT_TEST_776_res,SBVT_TEST_776,Passed
SBVT_TEST_777_res,SBVT_TEST_777,Passed
SBVT_TEST_778_res,SBVT_TEST_778,Passed
SBVT_TEST_779_res,SBVT_TEST_779,Passed
SBVT_TEST_780_res,SBVT_TEST_780,Passed
SBVT_TEST_781_res,SBVT_TEST_781,Passed
SBVT_TEST_782_res,SBVT_TEST_782,Passed
SBVT_TEST_783_res,SBVT_TEST_783,Passed
SBVT_TEST_784_res,SBVT_TEST_784,Passed
SBVT_TEST_785_res,SBVT_TEST_785,Passed
SBVT_TEST_786_res,SBVT_TEST_786,Passed
SBVT_TEST_787_res,SBVT_TEST_787,Passed
SBVT_TEST_788_res,SBVT_TEST_788,Passed
SBVT_TEST_789_res,SBVT_TEST_789,Passed
SBVT_TEST_790_res,SBVT_TEST_790,Passed
SBVT_TEST_791_res,SBVT_TEST_791,Passed
SBVT_TEST_792_res,SBVT_TEST_792,Passed
SBVT_TEST_793_res,SBVT_TEST_793,Passed
SBVT_TEST_794_res,SBVT_TEST_794,Passed
SBVT_TEST_795_res,SBVT_TEST_795,Passed
SBVT_TEST_796_res,SBVT_TEST_796,Passed
SBVT_TEST_797_res,SBVT_TEST_797,Passed
SBVT_TEST_798_res,SBVT_TEST_798,Passed
SBVT_TEST_799_res,SBVT_TEST_799,Passed
