identifier,wasImpactedBy_identifier
swComponent_1,SubDD_REQ_496
swComponent_2,SubDD_REQ_373
swComponent_3,SubDD_REQ_165
swComponent_4,SubDD_REQ_611
swComponent_5,SubDD_REQ_425
swComponent_6,
swComponent_7,
swComponent_8,SubDD_REQ_51
swComponent_9,
swComponent_10,
swComponent_11,SubDD_REQ_295
swComponent_12,SubDD_REQ_938
swComponent_13,SubDD_REQ_308
swComponent_14,
swComponent_15,SubDD_REQ_823
swComponent_16,
swComponent_17,
swComponent_18,SubDD_REQ_840
swComponent_19,SubDD_REQ_191
swComponent_20,SubDD_REQ_78
swComponent_21,
swComponent_22,SubDD_REQ_307
swComponent_23,
swComponent_24,SubDD_REQ_727
swComponent_25,SubDD_REQ_473
swComponent_26,
swComponent_27,
swComponent_28,
swComponent_29,
swComponent_30,
swComponent_31,SubDD_REQ_73
swComponent_32,SubDD_REQ_34
swComponent_33,
swComponent_34,
swComponent_35,SubDD_REQ_205
swComponent_36,
swComponent_37,
swComponent_38,SubDD_REQ_312
swComponent_39,SubDD_REQ_1094
swComponent_40,SubDD_REQ_121
swComponent_41,
swComponent_42,SubDD_REQ_647
swComponent_43,SubDD_REQ_264
swComponent_44,SubDD_REQ_1249
swComponent_45,
swComponent_46,
swComponent_47,SubDD_REQ_1048
swComponent_48,SubDD_REQ_554
swComponent_49,
swComponent_50,
swComponent_51,SubDD_REQ_768
swComponent_52,
swComponent_53,
swComponent_54,SubDD_REQ_508
swComponent_55,SubDD_REQ_68
swComponent_56,
swComponent_57,
swComponent_58,SubDD_REQ_609
swComponent_59,
swComponent_60,SubDD_REQ_1165
swComponent_61,
swComponent_62,
swComponent_63,SubDD_REQ_1392
swComponent_64,SubDD_REQ_875
swComponent_65,
swComponent_66,SubDD_REQ_1306
swComponent_67,
swComponent_68,SubDD_REQ_862
swComponent_69,
swComponent_70,
swComponent_71,
swComponent_72,SubDD_REQ_710
swComponent_73,
swComponent_74,SubDD_REQ_99
swComponent_75,SubDD_REQ_119
swComponent_76,SubDD_REQ_946
swComponent_77,
swComponent_78,
swComponent_79,SubDD_REQ_1164
swComponent_80,SubDD_REQ_973
swComponent_81,
swComponent_82,
swComponent_83,
swComponent_84,SubDD_REQ_1396
swComponent_85,
swComponent_86,SubDD_REQ_1206
swComponent_87,
swComponent_88,SubDD_REQ_637
swComponent_89,SubDD_REQ_611
swComponent_90,SubDD_REQ_959
swComponent_91,
swComponent_92,SubDD_REQ_531
swComponent_93,SubDD_REQ_605
swComponent_94,
swComponent_95,SubDD_REQ_821
swComponent_96,
swComponent_97,
swComponent_98,
swComponent_99,
swComponent_100,SubDD_REQ_383
swComponent_101,
swComponent_102,SubDD_REQ_129
swComponent_103,SubDD_REQ_476
swComponent_104,SubDD_REQ_216
swComponent_105,SubDD_REQ_941
swComponent_106,
swComponent_107,
swComponent_108,
swComponent_109,SubDD_REQ_1006
swComponent_110,
swComponent_111,
swComponent_112,SubDD_REQ_116
swComponent_113,SubDD_REQ_1180
swComponent_114,SubDD_REQ_967
swComponent_115,
swComponent_116,SubDD_REQ_649
swComponent_117,SubDD_REQ_335
swComponent_118,SubDD_REQ_696
swComponent_119,SubDD_REQ_840
swComponent_120,
swComponent_121,SubDD_REQ_1163
swComponent_122,SubDD_REQ_1214
swComponent_123,SubDD_REQ_131
swComponent_124,SubDD_REQ_1170
swComponent_125,
swComponent_126,
swComponent_127,
swComponent_128,SubDD_REQ_490
swComponent_129,
swComponent_130,
swComponent_131,
swComponent_132,SubDD_REQ_959
swComponent_133,
swComponent_134,SubDD_REQ_858
swComponent_135,SubDD_REQ_297
swComponent_136,SubDD_REQ_162
swComponent_137,
swComponent_138,SubDD_REQ_822
swComponent_139,SubDD_REQ_839
swComponent_140,
swComponent_141,SubDD_REQ_678
swComponent_142,SubDD_REQ_1111
swComponent_143,SubDD_REQ_5
swComponent_144,SubDD_REQ_1000
swComponent_145,
swComponent_146,
swComponent_147,SubDD_REQ_68
swComponent_148,SubDD_REQ_1158
swComponent_149,
swComponent_150,SubDD_REQ_130
swComponent_151,SubDD_REQ_676
swComponent_152,
swComponent_153,SubDD_REQ_1128
swComponent_154,SubDD_REQ_269
swComponent_155,
swComponent_156,
swComponent_157,SubDD_REQ_1066
swComponent_158,SubDD_REQ_633
swComponent_159,SubDD_REQ_153
swComponent_160,
swComponent_161,
swComponent_162,
swComponent_163,
swComponent_164,SubDD_REQ_543
swComponent_165,SubDD_REQ_79
swComponent_166,
swComponent_167,
swComponent_168,SubDD_REQ_822
swComponent_169,SubDD_REQ_495
swComponent_170,SubDD_REQ_123
swComponent_171,
swComponent_172,SubDD_REQ_303
swComponent_173,
swComponent_174,
swComponent_175,
swComponent_176,SubDD_REQ_597
swComponent_177,
swComponent_178,
swComponent_179,SubDD_REQ_1181
swComponent_180,SubDD_REQ_891
swComponent_181,SubDD_REQ_781
swComponent_182,SubDD_REQ_360
swComponent_183,SubDD_REQ_683
swComponent_184,
swComponent_185,SubDD_REQ_1235
swComponent_186,
swComponent_187,SubDD_REQ_36
swComponent_188,
swComponent_189,SubDD_REQ_911
swComponent_190,
swComponent_191,SubDD_REQ_756
swComponent_192,SubDD_REQ_913
swComponent_193,SubDD_REQ_826
swComponent_194,
swComponent_195,SubDD_REQ_564
swComponent_196,
swComponent_197,SubDD_REQ_416
swComponent_198,
swComponent_199,
swComponent_200,SubDD_REQ_76
swComponent_201,SubDD_REQ_1290
swComponent_202,SubDD_REQ_1079
swComponent_203,
swComponent_204,SubDD_REQ_1191
swComponent_205,
swComponent_206,SubDD_REQ_624
swComponent_207,SubDD_REQ_993
swComponent_208,SubDD_REQ_1172
swComponent_209,
swComponent_210,
swComponent_211,SubDD_REQ_182
swComponent_212,
swComponent_213,SubDD_REQ_971
swComponent_214,
swComponent_215,
swComponent_216,SubDD_REQ_991
swComponent_217,SubDD_REQ_585
swComponent_218,
swComponent_219,
swComponent_220,SubDD_REQ_684
swComponent_221,
swComponent_222,SubDD_REQ_1325
swComponent_223,SubDD_REQ_1280
swComponent_224,
swComponent_225,
swComponent_226,
swComponent_227,SubDD_REQ_624
swComponent_228,
swComponent_229,SubDD_REQ_358
swComponent_230,
swComponent_231,
swComponent_232,
swComponent_233,
swComponent_234,SubDD_REQ_1209
swComponent_235,
swComponent_236,
swComponent_237,
swComponent_238,SubDD_REQ_773
swComponent_239,SubDD_REQ_1189
swComponent_240,
swComponent_241,SubDD_REQ_222
swComponent_242,SubDD_REQ_610
swComponent_243,SubDD_REQ_874
swComponent_244,SubDD_REQ_1021
swComponent_245,SubDD_REQ_686
swComponent_246,
swComponent_247,SubDD_REQ_1359
swComponent_248,
swComponent_249,
swComponent_250,SubDD_REQ_720
swComponent_251,SubDD_REQ_323
swComponent_252,SubDD_REQ_434
swComponent_253,
swComponent_254,
swComponent_255,SubDD_REQ_706
swComponent_256,
swComponent_257,SubDD_REQ_541
swComponent_258,
swComponent_259,SubDD_REQ_1270
swComponent_260,SubDD_REQ_450
swComponent_261,
swComponent_262,
swComponent_263,
swComponent_264,SubDD_REQ_891
swComponent_265,SubDD_REQ_84
swComponent_266,
swComponent_267,
swComponent_268,SubDD_REQ_853
swComponent_269,
swComponent_270,
swComponent_271,
swComponent_272,SubDD_REQ_444
swComponent_273,
swComponent_274,SubDD_REQ_1009
swComponent_275,
swComponent_276,
swComponent_277,
swComponent_278,SubDD_REQ_1348
swComponent_279,
swComponent_280,SubDD_REQ_1179
swComponent_281,SubDD_REQ_190
swComponent_282,
swComponent_283,
swComponent_284,
swComponent_285,
swComponent_286,SubDD_REQ_398
swComponent_287,
swComponent_288,SubDD_REQ_556
swComponent_289,SubDD_REQ_1273
swComponent_290,SubDD_REQ_921
swComponent_291,
swComponent_292,SubDD_REQ_115
swComponent_293,
swComponent_294,
swComponent_295,SubDD_REQ_1228
swComponent_296,
swComponent_297,SubDD_REQ_789
swComponent_298,SubDD_REQ_611
swComponent_299,
swComponent_300,SubDD_REQ_701
swComponent_301,SubDD_REQ_906
swComponent_302,SubDD_REQ_175
swComponent_303,SubDD_REQ_1386
swComponent_304,SubDD_REQ_1342
swComponent_305,
swComponent_306,SubDD_REQ_1065
swComponent_307,
swComponent_308,
swComponent_309,
swComponent_310,
swComponent_311,
swComponent_312,
swComponent_313,
swComponent_314,SubDD_REQ_891
swComponent_315,SubDD_REQ_1373
swComponent_316,
swComponent_317,SubDD_REQ_1280
swComponent_318,SubDD_REQ_628
swComponent_319,
swComponent_320,
swComponent_321,
swComponent_322,SubDD_REQ_541
swComponent_323,SubDD_REQ_856
swComponent_324,
swComponent_325,SubDD_REQ_691
swComponent_326,SubDD_REQ_141
swComponent_327,SubDD_REQ_681
swComponent_328,
swComponent_329,SubDD_REQ_1387
swComponent_330,
swComponent_331,
swComponent_332,SubDD_REQ_1205
swComponent_333,
swComponent_334,SubDD_REQ_938
swComponent_335,
swComponent_336,SubDD_REQ_489
swComponent_337,SubDD_REQ_489
swComponent_338,
swComponent_339,SubDD_REQ_671
swComponent_340,SubDD_REQ_1285
swComponent_341,
swComponent_342,
swComponent_343,
swComponent_344,SubDD_REQ_838
swComponent_345,
swComponent_346,SubDD_REQ_317
swComponent_347,
swComponent_348,SubDD_REQ_1357
swComponent_349,SubDD_REQ_73
swComponent_350,
swComponent_351,
swComponent_352,
swComponent_353,SubDD_REQ_445
swComponent_354,
swComponent_355,SubDD_REQ_1110
swComponent_356,SubDD_REQ_1395
swComponent_357,
swComponent_358,
swComponent_359,SubDD_REQ_47
swComponent_360,SubDD_REQ_26
swComponent_361,SubDD_REQ_230
swComponent_362,
swComponent_363,SubDD_REQ_54
swComponent_364,
swComponent_365,SubDD_REQ_327
swComponent_366,SubDD_REQ_587
swComponent_367,
swComponent_368,
swComponent_369,SubDD_REQ_1019
swComponent_370,
swComponent_371,
swComponent_372,SubDD_REQ_1064
swComponent_373,SubDD_REQ_1073
swComponent_374,SubDD_REQ_447
swComponent_375,
swComponent_376,
swComponent_377,
swComponent_378,SubDD_REQ_98
swComponent_379,SubDD_REQ_7
swComponent_380,SubDD_REQ_455
swComponent_381,
swComponent_382,SubDD_REQ_842
swComponent_383,SubDD_REQ_890
swComponent_384,
swComponent_385,
swComponent_386,SubDD_REQ_1355
swComponent_387,SubDD_REQ_342
swComponent_388,SubDD_REQ_1088
swComponent_389,
swComponent_390,SubDD_REQ_1220
swComponent_391,
swComponent_392,SubDD_REQ_972
swComponent_393,
swComponent_394,SubDD_REQ_789
swComponent_395,
swComponent_396,
swComponent_397,
swComponent_398,SubDD_REQ_1024
swComponent_399,
swComponent_400,SubDD_REQ_1249
swComponent_401,SubDD_REQ_1299
swComponent_402,SubDD_REQ_1367
swComponent_403,SubDD_REQ_1183
swComponent_404,
swComponent_405,
swComponent_406,SubDD_REQ_1064
swComponent_407,
swComponent_408,SubDD_REQ_285
swComponent_409,SubDD_REQ_498
swComponent_410,
swComponent_411,SubDD_REQ_1304
swComponent_412,SubDD_REQ_950
swComponent_413,
swComponent_414,
swComponent_415,SubDD_REQ_1211
swComponent_416,
swComponent_417,SubDD_REQ_816
swComponent_418,
swComponent_419,
swComponent_420,SubDD_REQ_771
swComponent_421,
swComponent_422,SubDD_REQ_228
swComponent_423,
swComponent_424,
swComponent_425,
swComponent_426,SubDD_REQ_1200
swComponent_427,SubDD_REQ_1088
swComponent_428,
swComponent_429,SubDD_REQ_393
swComponent_430,SubDD_REQ_1298
swComponent_431,
swComponent_432,
swComponent_433,SubDD_REQ_320
swComponent_434,
swComponent_435,SubDD_REQ_842
swComponent_436,
swComponent_437,
swComponent_438,
swComponent_439,SubDD_REQ_162
swComponent_440,
swComponent_441,
swComponent_442,SubDD_REQ_982
swComponent_443,
swComponent_444,SubDD_REQ_201
swComponent_445,
swComponent_446,SubDD_REQ_311
swComponent_447,
swComponent_448,SubDD_REQ_1025
swComponent_449,SubDD_REQ_403
swComponent_450,SubDD_REQ_1209
swComponent_451,
swComponent_452,
swComponent_453,SubDD_REQ_220
swComponent_454,SubDD_REQ_1397
swComponent_455,SubDD_REQ_630
swComponent_456,
swComponent_457,SubDD_REQ_110
swComponent_458,SubDD_REQ_951
swComponent_459,SubDD_REQ_93
swComponent_460,
swComponent_461,SubDD_REQ_610
swComponent_462,
swComponent_463,
swComponent_464,SubDD_REQ_1050
swComponent_465,SubDD_REQ_1067
swComponent_466,
swComponent_467,
swComponent_468,SubDD_REQ_594
swComponent_469,SubDD_REQ_550
swComponent_470,
swComponent_471,
swComponent_472,SubDD_REQ_79
swComponent_473,SubDD_REQ_889
swComponent_474,
swComponent_475,
swComponent_476,SubDD_REQ_456
swComponent_477,SubDD_REQ_966
swComponent_478,
swComponent_479,SubDD_REQ_457
swComponent_480,
swComponent_481,
swComponent_482,SubDD_REQ_267
swComponent_483,
swComponent_484,SubDD_REQ_1021
swComponent_485,
swComponent_486,SubDD_REQ_795
swComponent_487,SubDD_REQ_1158
swComponent_488,
swComponent_489,SubDD_REQ_95
swComponent_490,
swComponent_491,
swComponent_492,SubDD_REQ_1249
swComponent_493,SubDD_REQ_549
swComponent_494,
swComponent_495,
swComponent_496,
swComponent_497,
swComponent_498,SubDD_REQ_1201
swComponent_499,
swComponent_500,
swComponent_501,SubDD_REQ_123
swComponent_502,SubDD_REQ_138
swComponent_503,
swComponent_504,SubDD_REQ_790
swComponent_505,
swComponent_506,
swComponent_507,SubDD_REQ_812
swComponent_508,SubDD_REQ_702
swComponent_509,
swComponent_510,SubDD_REQ_90
swComponent_511,
swComponent_512,SubDD_REQ_1332
swComponent_513,SubDD_REQ_111
swComponent_514,SubDD_REQ_713
swComponent_515,
swComponent_516,
swComponent_517,
swComponent_518,
swComponent_519,
swComponent_520,
swComponent_521,SubDD_REQ_1212
swComponent_522,SubDD_REQ_168
swComponent_523,SubDD_REQ_1132
swComponent_524,
swComponent_525,
swComponent_526,SubDD_REQ_1115
swComponent_527,SubDD_REQ_1382
swComponent_528,
swComponent_529,
swComponent_530,
swComponent_531,
swComponent_532,SubDD_REQ_555
swComponent_533,SubDD_REQ_628
swComponent_534,SubDD_REQ_1197
swComponent_535,
swComponent_536,SubDD_REQ_377
swComponent_537,
swComponent_538,SubDD_REQ_1071
swComponent_539,
swComponent_540,SubDD_REQ_219
swComponent_541,
swComponent_542,
swComponent_543,SubDD_REQ_198
swComponent_544,
swComponent_545,
swComponent_546,SubDD_REQ_200
swComponent_547,
swComponent_548,
swComponent_549,
swComponent_550,SubDD_REQ_1165
swComponent_551,
swComponent_552,SubDD_REQ_959
swComponent_553,
swComponent_554,SubDD_REQ_254
swComponent_555,
swComponent_556,
swComponent_557,SubDD_REQ_1090
swComponent_558,
swComponent_559,
swComponent_560,
swComponent_561,
swComponent_562,SubDD_REQ_224
swComponent_563,
swComponent_564,SubDD_REQ_1033
swComponent_565,SubDD_REQ_1260
swComponent_566,
swComponent_567,SubDD_REQ_1239
swComponent_568,
swComponent_569,SubDD_REQ_1032
swComponent_570,SubDD_REQ_992
swComponent_571,SubDD_REQ_390
swComponent_572,
swComponent_573,
swComponent_574,
swComponent_575,SubDD_REQ_108
swComponent_576,SubDD_REQ_80
swComponent_577,SubDD_REQ_867
swComponent_578,
swComponent_579,
swComponent_580,SubDD_REQ_660
swComponent_581,
swComponent_582,
swComponent_583,
swComponent_584,
swComponent_585,SubDD_REQ_1362
swComponent_586,SubDD_REQ_159
swComponent_587,
swComponent_588,
swComponent_589,SubDD_REQ_1195
swComponent_590,
swComponent_591,
swComponent_592,SubDD_REQ_624
swComponent_593,
swComponent_594,SubDD_REQ_521
swComponent_595,
swComponent_596,
swComponent_597,SubDD_REQ_1360
swComponent_598,SubDD_REQ_1351
swComponent_599,SubDD_REQ_1117
swComponent_600,
swComponent_601,SubDD_REQ_1372
swComponent_602,SubDD_REQ_1188
swComponent_603,
swComponent_604,
swComponent_605,
swComponent_606,SubDD_REQ_466
swComponent_607,SubDD_REQ_583
swComponent_608,
swComponent_609,
swComponent_610,
swComponent_611,
swComponent_612,SubDD_REQ_499
swComponent_613,
swComponent_614,SubDD_REQ_156
swComponent_615,SubDD_REQ_970
swComponent_616,
swComponent_617,
swComponent_618,SubDD_REQ_984
swComponent_619,
swComponent_620,
swComponent_621,SubDD_REQ_1155
swComponent_622,SubDD_REQ_979
swComponent_623,SubDD_REQ_849
swComponent_624,SubDD_REQ_941
swComponent_625,
swComponent_626,SubDD_REQ_417
swComponent_627,SubDD_REQ_1161
swComponent_628,
swComponent_629,
swComponent_630,SubDD_REQ_316
swComponent_631,
swComponent_632,SubDD_REQ_1213
swComponent_633,
swComponent_634,SubDD_REQ_46
swComponent_635,
swComponent_636,
swComponent_637,SubDD_REQ_652
swComponent_638,SubDD_REQ_206
swComponent_639,SubDD_REQ_732
swComponent_640,SubDD_REQ_1286
swComponent_641,SubDD_REQ_729
swComponent_642,
swComponent_643,
swComponent_644,
swComponent_645,SubDD_REQ_777
swComponent_646,SubDD_REQ_1315
swComponent_647,SubDD_REQ_1274
swComponent_648,SubDD_REQ_1125
swComponent_649,
swComponent_650,
swComponent_651,
swComponent_652,
swComponent_653,SubDD_REQ_535
swComponent_654,SubDD_REQ_261
swComponent_655,SubDD_REQ_331
swComponent_656,
swComponent_657,SubDD_REQ_251
swComponent_658,SubDD_REQ_737
swComponent_659,
swComponent_660,
swComponent_661,SubDD_REQ_193
swComponent_662,SubDD_REQ_1392
swComponent_663,SubDD_REQ_142
swComponent_664,
swComponent_665,SubDD_REQ_840
swComponent_666,SubDD_REQ_99
swComponent_667,
swComponent_668,
swComponent_669,SubDD_REQ_1026
swComponent_670,SubDD_REQ_564
swComponent_671,SubDD_REQ_1286
swComponent_672,
swComponent_673,SubDD_REQ_1361
swComponent_674,SubDD_REQ_75
swComponent_675,
swComponent_676,
swComponent_677,
swComponent_678,
swComponent_679,SubDD_REQ_383
swComponent_680,
swComponent_681,SubDD_REQ_582
swComponent_682,
swComponent_683,SubDD_REQ_548
swComponent_684,
swComponent_685,SubDD_REQ_1165
swComponent_686,
swComponent_687,SubDD_REQ_811
swComponent_688,
swComponent_689,SubDD_REQ_1154
swComponent_690,SubDD_REQ_958
swComponent_691,SubDD_REQ_1140
swComponent_692,SubDD_REQ_530
swComponent_693,SubDD_REQ_1225
swComponent_694,SubDD_REQ_451
swComponent_695,SubDD_REQ_679
swComponent_696,SubDD_REQ_1303
swComponent_697,SubDD_REQ_67
swComponent_698,
swComponent_699,
swComponent_700,
swComponent_701,
swComponent_702,SubDD_REQ_963
swComponent_703,SubDD_REQ_202
swComponent_704,
swComponent_705,SubDD_REQ_1369
swComponent_706,
swComponent_707,
swComponent_708,SubDD_REQ_512
swComponent_709,SubDD_REQ_363
swComponent_710,
swComponent_711,
swComponent_712,SubDD_REQ_954
swComponent_713,
swComponent_714,
swComponent_715,SubDD_REQ_1197
swComponent_716,
swComponent_717,
swComponent_718,SubDD_REQ_974
swComponent_719,SubDD_REQ_798
swComponent_720,SubDD_REQ_165
swComponent_721,SubDD_REQ_547
swComponent_722,
swComponent_723,SubDD_REQ_680
swComponent_724,SubDD_REQ_559
swComponent_725,SubDD_REQ_210
swComponent_726,
swComponent_727,SubDD_REQ_119
swComponent_728,SubDD_REQ_736
swComponent_729,
swComponent_730,
swComponent_731,
swComponent_732,SubDD_REQ_42
swComponent_733,
swComponent_734,
swComponent_735,SubDD_REQ_786
swComponent_736,SubDD_REQ_70
swComponent_737,
swComponent_738,SubDD_REQ_872
swComponent_739,SubDD_REQ_159
swComponent_740,SubDD_REQ_804
swComponent_741,
swComponent_742,SubDD_REQ_551
swComponent_743,
swComponent_744,
swComponent_745,SubDD_REQ_124
swComponent_746,SubDD_REQ_897
swComponent_747,SubDD_REQ_1043
swComponent_748,SubDD_REQ_1244
swComponent_749,
swComponent_750,
swComponent_751,
swComponent_752,
swComponent_753,SubDD_REQ_142
swComponent_754,
swComponent_755,
swComponent_756,SubDD_REQ_161
swComponent_757,SubDD_REQ_151
swComponent_758,
swComponent_759,SubDD_REQ_461
swComponent_760,
swComponent_761,
swComponent_762,SubDD_REQ_448
swComponent_763,SubDD_REQ_19
swComponent_764,
swComponent_765,SubDD_REQ_764
swComponent_766,SubDD_REQ_1013
swComponent_767,
swComponent_768,
swComponent_769,SubDD_REQ_1161
swComponent_770,
swComponent_771,SubDD_REQ_846
swComponent_772,SubDD_REQ_1243
swComponent_773,
swComponent_774,
swComponent_775,
swComponent_776,SubDD_REQ_86
swComponent_777,SubDD_REQ_694
swComponent_778,
swComponent_779,SubDD_REQ_1124
swComponent_780,SubDD_REQ_252
swComponent_781,SubDD_REQ_753
swComponent_782,SubDD_REQ_191
swComponent_783,
swComponent_784,
swComponent_785,SubDD_REQ_1157
swComponent_786,SubDD_REQ_94
swComponent_787,SubDD_REQ_392
swComponent_788,SubDD_REQ_891
swComponent_789,SubDD_REQ_1175
swComponent_790,
swComponent_791,SubDD_REQ_18
swComponent_792,SubDD_REQ_999
swComponent_793,
swComponent_794,
swComponent_795,SubDD_REQ_193
swComponent_796,SubDD_REQ_1170
swComponent_797,
swComponent_798,
swComponent_799,
swComponent_800,
swComponent_801,
swComponent_802,SubDD_REQ_62
swComponent_803,SubDD_REQ_1186
swComponent_804,SubDD_REQ_528
swComponent_805,
swComponent_806,SubDD_REQ_253
swComponent_807,
swComponent_808,
swComponent_809,
swComponent_810,
swComponent_811,
swComponent_812,
swComponent_813,
swComponent_814,SubDD_REQ_422
swComponent_815,SubDD_REQ_17
swComponent_816,
swComponent_817,SubDD_REQ_831
swComponent_818,
swComponent_819,
swComponent_820,SubDD_REQ_992
swComponent_821,SubDD_REQ_773
swComponent_822,SubDD_REQ_1132
swComponent_823,
swComponent_824,SubDD_REQ_655
swComponent_825,SubDD_REQ_964
swComponent_826,
swComponent_827,SubDD_REQ_927
swComponent_828,
swComponent_829,SubDD_REQ_243
swComponent_830,SubDD_REQ_1127
swComponent_831,
swComponent_832,
swComponent_833,SubDD_REQ_1304
swComponent_834,SubDD_REQ_786
swComponent_835,SubDD_REQ_987
swComponent_836,
swComponent_837,SubDD_REQ_366
swComponent_838,
swComponent_839,SubDD_REQ_882
swComponent_840,SubDD_REQ_1027
swComponent_841,
swComponent_842,SubDD_REQ_1178
swComponent_843,
swComponent_844,SubDD_REQ_117
swComponent_845,SubDD_REQ_800
swComponent_846,
swComponent_847,
swComponent_848,
swComponent_849,SubDD_REQ_1242
swComponent_850,SubDD_REQ_683
swComponent_851,
swComponent_852,SubDD_REQ_960
swComponent_853,SubDD_REQ_912
swComponent_854,
swComponent_855,
swComponent_856,SubDD_REQ_858
swComponent_857,SubDD_REQ_1018
swComponent_858,
swComponent_859,SubDD_REQ_452
swComponent_860,
swComponent_861,
swComponent_862,SubDD_REQ_819
swComponent_863,
swComponent_864,
swComponent_865,SubDD_REQ_284
swComponent_866,
swComponent_867,SubDD_REQ_758
swComponent_868,
swComponent_869,SubDD_REQ_876
swComponent_870,
swComponent_871,
swComponent_872,
swComponent_873,SubDD_REQ_1236
swComponent_874,
swComponent_875,
swComponent_876,
swComponent_877,SubDD_REQ_631
swComponent_878,SubDD_REQ_287
swComponent_879,SubDD_REQ_618
swComponent_880,
swComponent_881,
swComponent_882,
swComponent_883,
swComponent_884,SubDD_REQ_1322
swComponent_885,SubDD_REQ_687
swComponent_886,SubDD_REQ_855
swComponent_887,
swComponent_888,
swComponent_889,
swComponent_890,
swComponent_891,
swComponent_892,
swComponent_893,SubDD_REQ_1031
swComponent_894,
swComponent_895,
swComponent_896,SubDD_REQ_472
swComponent_897,
swComponent_898,SubDD_REQ_694
swComponent_899,
swComponent_900,
swComponent_901,
swComponent_902,SubDD_REQ_1129
swComponent_903,
swComponent_904,SubDD_REQ_893
swComponent_905,SubDD_REQ_220
swComponent_906,
swComponent_907,
swComponent_908,SubDD_REQ_2
swComponent_909,
swComponent_910,
swComponent_911,
swComponent_912,
swComponent_913,
swComponent_914,
swComponent_915,
swComponent_916,SubDD_REQ_140
swComponent_917,
swComponent_918,
swComponent_919,SubDD_REQ_1116
swComponent_920,
swComponent_921,SubDD_REQ_516
swComponent_922,SubDD_REQ_619
swComponent_923,SubDD_REQ_934
swComponent_924,
swComponent_925,SubDD_REQ_1274
swComponent_926,SubDD_REQ_1067
swComponent_927,SubDD_REQ_131
swComponent_928,
swComponent_929,SubDD_REQ_801
swComponent_930,
swComponent_931,
swComponent_932,SubDD_REQ_800
swComponent_933,
swComponent_934,SubDD_REQ_639
swComponent_935,
swComponent_936,SubDD_REQ_1095
swComponent_937,
swComponent_938,SubDD_REQ_1303
swComponent_939,
swComponent_940,SubDD_REQ_104
swComponent_941,SubDD_REQ_117
swComponent_942,
swComponent_943,
swComponent_944,SubDD_REQ_270
swComponent_945,
swComponent_946,SubDD_REQ_188
swComponent_947,
swComponent_948,
swComponent_949,SubDD_REQ_427
swComponent_950,SubDD_REQ_1155
swComponent_951,
swComponent_952,
swComponent_953,
swComponent_954,SubDD_REQ_1231
swComponent_955,
swComponent_956,
swComponent_957,
swComponent_958,SubDD_REQ_1034
swComponent_959,
swComponent_960,SubDD_REQ_529
swComponent_961,
swComponent_962,
swComponent_963,
swComponent_964,
swComponent_965,SubDD_REQ_268
swComponent_966,SubDD_REQ_376
swComponent_967,SubDD_REQ_1343
swComponent_968,SubDD_REQ_1056
swComponent_969,SubDD_REQ_125
swComponent_970,
swComponent_971,SubDD_REQ_983
swComponent_972,
swComponent_973,
swComponent_974,
swComponent_975,SubDD_REQ_438
swComponent_976,
swComponent_977,
swComponent_978,
swComponent_979,SubDD_REQ_1289
swComponent_980,
swComponent_981,SubDD_REQ_199
swComponent_982,
swComponent_983,SubDD_REQ_1331
swComponent_984,
swComponent_985,
swComponent_986,
swComponent_987,
swComponent_988,SubDD_REQ_545
swComponent_989,SubDD_REQ_1228
swComponent_990,SubDD_REQ_593
swComponent_991,SubDD_REQ_828
swComponent_992,SubDD_REQ_560
swComponent_993,
swComponent_994,SubDD_REQ_788
swComponent_995,SubDD_REQ_222
swComponent_996,
swComponent_997,SubDD_REQ_1109
swComponent_998,SubDD_REQ_1096
swComponent_999,
swComponent_1000,SubDD_REQ_897
swComponent_1001,SubDD_REQ_1346
swComponent_1002,
swComponent_1003,
swComponent_1004,SubDD_REQ_434
swComponent_1005,SubDD_REQ_1377
swComponent_1006,SubDD_REQ_31
swComponent_1007,
swComponent_1008,
swComponent_1009,
swComponent_1010,
swComponent_1011,
swComponent_1012,
swComponent_1013,SubDD_REQ_132
swComponent_1014,
swComponent_1015,
swComponent_1016,
swComponent_1017,SubDD_REQ_433
swComponent_1018,
swComponent_1019,SubDD_REQ_1091
swComponent_1020,SubDD_REQ_1320
swComponent_1021,
swComponent_1022,
swComponent_1023,SubDD_REQ_1328
swComponent_1024,SubDD_REQ_1164
swComponent_1025,SubDD_REQ_260
swComponent_1026,SubDD_REQ_1011
swComponent_1027,SubDD_REQ_141
swComponent_1028,
swComponent_1029,
swComponent_1030,SubDD_REQ_905
swComponent_1031,
swComponent_1032,SubDD_REQ_537
swComponent_1033,SubDD_REQ_5
swComponent_1034,
swComponent_1035,SubDD_REQ_1158
swComponent_1036,SubDD_REQ_940
swComponent_1037,SubDD_REQ_164
swComponent_1038,SubDD_REQ_832
swComponent_1039,
swComponent_1040,SubDD_REQ_957
swComponent_1041,SubDD_REQ_1095
swComponent_1042,SubDD_REQ_1311
swComponent_1043,SubDD_REQ_1314
swComponent_1044,SubDD_REQ_634
swComponent_1045,
swComponent_1046,SubDD_REQ_761
swComponent_1047,
swComponent_1048,
swComponent_1049,
swComponent_1050,
swComponent_1051,SubDD_REQ_287
swComponent_1052,
swComponent_1053,
swComponent_1054,SubDD_REQ_1119
swComponent_1055,
swComponent_1056,
swComponent_1057,
swComponent_1058,
swComponent_1059,SubDD_REQ_43
swComponent_1060,SubDD_REQ_222
swComponent_1061,
swComponent_1062,
swComponent_1063,SubDD_REQ_759
swComponent_1064,
swComponent_1065,
swComponent_1066,SubDD_REQ_666
swComponent_1067,SubDD_REQ_24
swComponent_1068,
swComponent_1069,
swComponent_1070,
swComponent_1071,
swComponent_1072,
swComponent_1073,
swComponent_1074,SubDD_REQ_144
swComponent_1075,
swComponent_1076,
swComponent_1077,SubDD_REQ_96
swComponent_1078,SubDD_REQ_140
swComponent_1079,
swComponent_1080,SubDD_REQ_422
swComponent_1081,
swComponent_1082,
swComponent_1083,
swComponent_1084,
swComponent_1085,SubDD_REQ_929
swComponent_1086,
swComponent_1087,
swComponent_1088,SubDD_REQ_224
swComponent_1089,SubDD_REQ_457
swComponent_1090,
swComponent_1091,
swComponent_1092,SubDD_REQ_1348
swComponent_1093,SubDD_REQ_303
swComponent_1094,
swComponent_1095,SubDD_REQ_538
swComponent_1096,SubDD_REQ_1223
swComponent_1097,SubDD_REQ_287
swComponent_1098,SubDD_REQ_533
swComponent_1099,
swComponent_1100,
swComponent_1101,SubDD_REQ_750
swComponent_1102,
swComponent_1103,SubDD_REQ_140
swComponent_1104,
swComponent_1105,
swComponent_1106,
swComponent_1107,SubDD_REQ_1165
swComponent_1108,SubDD_REQ_109
swComponent_1109,SubDD_REQ_474
swComponent_1110,
swComponent_1111,SubDD_REQ_758
swComponent_1112,
swComponent_1113,
swComponent_1114,
swComponent_1115,
swComponent_1116,
swComponent_1117,SubDD_REQ_703
swComponent_1118,SubDD_REQ_678
swComponent_1119,
swComponent_1120,
swComponent_1121,
swComponent_1122,SubDD_REQ_645
swComponent_1123,
swComponent_1124,
swComponent_1125,SubDD_REQ_1195
swComponent_1126,
swComponent_1127,SubDD_REQ_475
swComponent_1128,SubDD_REQ_1093
swComponent_1129,
swComponent_1130,
swComponent_1131,
swComponent_1132,SubDD_REQ_493
swComponent_1133,SubDD_REQ_686
swComponent_1134,
swComponent_1135,SubDD_REQ_706
swComponent_1136,
swComponent_1137,SubDD_REQ_1179
swComponent_1138,SubDD_REQ_1099
swComponent_1139,SubDD_REQ_37
swComponent_1140,
swComponent_1141,
swComponent_1142,
swComponent_1143,SubDD_REQ_836
swComponent_1144,
swComponent_1145,SubDD_REQ_909
swComponent_1146,SubDD_REQ_3
swComponent_1147,SubDD_REQ_1144
swComponent_1148,
swComponent_1149,
swComponent_1150,SubDD_REQ_999
swComponent_1151,
swComponent_1152,SubDD_REQ_326
swComponent_1153,
swComponent_1154,
swComponent_1155,SubDD_REQ_298
swComponent_1156,
swComponent_1157,SubDD_REQ_486
swComponent_1158,SubDD_REQ_972
swComponent_1159,SubDD_REQ_843
swComponent_1160,
swComponent_1161,
swComponent_1162,SubDD_REQ_1362
swComponent_1163,
swComponent_1164,
swComponent_1165,SubDD_REQ_438
swComponent_1166,
swComponent_1167,
swComponent_1168,
swComponent_1169,SubDD_REQ_1055
swComponent_1170,
swComponent_1171,SubDD_REQ_705
swComponent_1172,SubDD_REQ_3
swComponent_1173,
swComponent_1174,
swComponent_1175,
swComponent_1176,
swComponent_1177,
swComponent_1178,
swComponent_1179,
swComponent_1180,
swComponent_1181,
swComponent_1182,SubDD_REQ_94
swComponent_1183,
swComponent_1184,
swComponent_1185,
swComponent_1186,
swComponent_1187,
swComponent_1188,SubDD_REQ_646
swComponent_1189,
swComponent_1190,
swComponent_1191,SubDD_REQ_543
swComponent_1192,
swComponent_1193,SubDD_REQ_1147
swComponent_1194,SubDD_REQ_1316
swComponent_1195,
swComponent_1196,
swComponent_1197,
swComponent_1198,SubDD_REQ_544
swComponent_1199,SubDD_REQ_620
swComponent_1200,
swComponent_1201,
swComponent_1202,
swComponent_1203,
swComponent_1204,SubDD_REQ_894
swComponent_1205,
swComponent_1206,SubDD_REQ_1160
swComponent_1207,
swComponent_1208,SubDD_REQ_417
swComponent_1209,
swComponent_1210,SubDD_REQ_674
swComponent_1211,SubDD_REQ_810
swComponent_1212,
swComponent_1213,SubDD_REQ_666
swComponent_1214,
swComponent_1215,
swComponent_1216,
swComponent_1217,
swComponent_1218,SubDD_REQ_1346
swComponent_1219,
swComponent_1220,
swComponent_1221,SubDD_REQ_623
swComponent_1222,SubDD_REQ_179
swComponent_1223,
swComponent_1224,SubDD_REQ_753
swComponent_1225,
swComponent_1226,SubDD_REQ_925
swComponent_1227,SubDD_REQ_5
swComponent_1228,SubDD_REQ_795
swComponent_1229,SubDD_REQ_560
swComponent_1230,
swComponent_1231,
swComponent_1232,SubDD_REQ_543
swComponent_1233,
swComponent_1234,
swComponent_1235,
swComponent_1236,
swComponent_1237,SubDD_REQ_1034
swComponent_1238,
swComponent_1239,SubDD_REQ_1272
swComponent_1240,SubDD_REQ_392
swComponent_1241,SubDD_REQ_532
swComponent_1242,
swComponent_1243,
swComponent_1244,
swComponent_1245,SubDD_REQ_551
swComponent_1246,SubDD_REQ_990
swComponent_1247,
swComponent_1248,SubDD_REQ_178
swComponent_1249,SubDD_REQ_923
swComponent_1250,
swComponent_1251,SubDD_REQ_1211
swComponent_1252,SubDD_REQ_770
swComponent_1253,
swComponent_1254,
swComponent_1255,
swComponent_1256,SubDD_REQ_593
swComponent_1257,
swComponent_1258,SubDD_REQ_429
swComponent_1259,SubDD_REQ_1029
swComponent_1260,SubDD_REQ_1278
swComponent_1261,
swComponent_1262,SubDD_REQ_159
swComponent_1263,
swComponent_1264,SubDD_REQ_1116
swComponent_1265,SubDD_REQ_1129
swComponent_1266,
swComponent_1267,
swComponent_1268,
swComponent_1269,SubDD_REQ_304
swComponent_1270,SubDD_REQ_786
swComponent_1271,
swComponent_1272,SubDD_REQ_828
swComponent_1273,
swComponent_1274,SubDD_REQ_283
swComponent_1275,
swComponent_1276,
swComponent_1277,SubDD_REQ_654
swComponent_1278,
swComponent_1279,SubDD_REQ_545
swComponent_1280,
swComponent_1281,
swComponent_1282,
swComponent_1283,SubDD_REQ_881
swComponent_1284,
swComponent_1285,
swComponent_1286,
swComponent_1287,
swComponent_1288,
swComponent_1289,SubDD_REQ_124
swComponent_1290,
swComponent_1291,SubDD_REQ_482
swComponent_1292,SubDD_REQ_705
swComponent_1293,SubDD_REQ_703
swComponent_1294,SubDD_REQ_1129
swComponent_1295,SubDD_REQ_621
swComponent_1296,
swComponent_1297,
swComponent_1298,SubDD_REQ_400
swComponent_1299,SubDD_REQ_143
swComponent_1300,SubDD_REQ_711
swComponent_1301,SubDD_REQ_396
swComponent_1302,
swComponent_1303,
swComponent_1304,SubDD_REQ_979
swComponent_1305,
swComponent_1306,SubDD_REQ_759
swComponent_1307,
swComponent_1308,SubDD_REQ_959
swComponent_1309,
swComponent_1310,SubDD_REQ_1344
swComponent_1311,SubDD_REQ_1077
swComponent_1312,
swComponent_1313,SubDD_REQ_1091
swComponent_1314,SubDD_REQ_996
swComponent_1315,
swComponent_1316,
swComponent_1317,
swComponent_1318,SubDD_REQ_83
swComponent_1319,
swComponent_1320,SubDD_REQ_151
swComponent_1321,
swComponent_1322,
swComponent_1323,SubDD_REQ_512
swComponent_1324,
swComponent_1325,
swComponent_1326,SubDD_REQ_1221
swComponent_1327,SubDD_REQ_152
swComponent_1328,SubDD_REQ_469
swComponent_1329,SubDD_REQ_523
swComponent_1330,
swComponent_1331,
swComponent_1332,
swComponent_1333,
swComponent_1334,SubDD_REQ_934
swComponent_1335,
swComponent_1336,
swComponent_1337,SubDD_REQ_1167
swComponent_1338,SubDD_REQ_465
swComponent_1339,
swComponent_1340,
swComponent_1341,
swComponent_1342,SubDD_REQ_779
swComponent_1343,SubDD_REQ_1160
swComponent_1344,
swComponent_1345,SubDD_REQ_1273
swComponent_1346,SubDD_REQ_1060
swComponent_1347,SubDD_REQ_1399
swComponent_1348,SubDD_REQ_300
swComponent_1349,
swComponent_1350,
swComponent_1351,SubDD_REQ_1207
swComponent_1352,
swComponent_1353,
swComponent_1354,SubDD_REQ_835
swComponent_1355,SubDD_REQ_580
swComponent_1356,
swComponent_1357,SubDD_REQ_160
swComponent_1358,SubDD_REQ_578
swComponent_1359,
swComponent_1360,SubDD_REQ_1321
swComponent_1361,
swComponent_1362,SubDD_REQ_253
swComponent_1363,
swComponent_1364,
swComponent_1365,SubDD_REQ_640
swComponent_1366,SubDD_REQ_719
swComponent_1367,SubDD_REQ_895
swComponent_1368,
swComponent_1369,SubDD_REQ_1310
swComponent_1370,
swComponent_1371,
swComponent_1372,
swComponent_1373,
swComponent_1374,
swComponent_1375,
swComponent_1376,SubDD_REQ_836
swComponent_1377,SubDD_REQ_1387
swComponent_1378,
swComponent_1379,SubDD_REQ_1243
swComponent_1380,
swComponent_1381,
swComponent_1382,
swComponent_1383,
swComponent_1384,SubDD_REQ_1137
swComponent_1385,
swComponent_1386,SubDD_REQ_387
swComponent_1387,SubDD_REQ_1129
swComponent_1388,SubDD_REQ_166
swComponent_1389,
swComponent_1390,
swComponent_1391,SubDD_REQ_1263
swComponent_1392,SubDD_REQ_85
swComponent_1393,
swComponent_1394,
swComponent_1395,
swComponent_1396,SubDD_REQ_824
swComponent_1397,
swComponent_1398,
swComponent_1399,
swComponent_1400,SubDD_REQ_811
swComponent_1401,
swComponent_1402,
swComponent_1403,SubDD_REQ_611
swComponent_1404,SubDD_REQ_1328
swComponent_1405,
swComponent_1406,SubDD_REQ_24
swComponent_1407,SubDD_REQ_922
swComponent_1408,SubDD_REQ_546
swComponent_1409,
swComponent_1410,SubDD_REQ_1116
swComponent_1411,
swComponent_1412,
swComponent_1413,
swComponent_1414,
swComponent_1415,SubDD_REQ_139
swComponent_1416,
swComponent_1417,
swComponent_1418,
swComponent_1419,SubDD_REQ_417
swComponent_1420,SubDD_REQ_531
swComponent_1421,
swComponent_1422,
swComponent_1423,
swComponent_1424,SubDD_REQ_469
swComponent_1425,SubDD_REQ_1367
swComponent_1426,
swComponent_1427,SubDD_REQ_1180
swComponent_1428,SubDD_REQ_103
swComponent_1429,
swComponent_1430,SubDD_REQ_587
swComponent_1431,
swComponent_1432,SubDD_REQ_403
swComponent_1433,
swComponent_1434,
swComponent_1435,
swComponent_1436,SubDD_REQ_263
swComponent_1437,
swComponent_1438,SubDD_REQ_1063
swComponent_1439,
swComponent_1440,SubDD_REQ_883
swComponent_1441,
swComponent_1442,
swComponent_1443,SubDD_REQ_747
swComponent_1444,
swComponent_1445,
swComponent_1446,
swComponent_1447,SubDD_REQ_886
swComponent_1448,SubDD_REQ_82
swComponent_1449,SubDD_REQ_433
swComponent_1450,SubDD_REQ_876
swComponent_1451,SubDD_REQ_583
swComponent_1452,SubDD_REQ_1142
swComponent_1453,
swComponent_1454,SubDD_REQ_692
swComponent_1455,SubDD_REQ_80
swComponent_1456,
swComponent_1457,
swComponent_1458,
swComponent_1459,
swComponent_1460,
swComponent_1461,SubDD_REQ_1068
swComponent_1462,
swComponent_1463,
swComponent_1464,
swComponent_1465,
swComponent_1466,SubDD_REQ_1194
swComponent_1467,SubDD_REQ_398
swComponent_1468,SubDD_REQ_140
swComponent_1469,
swComponent_1470,SubDD_REQ_384
swComponent_1471,
swComponent_1472,SubDD_REQ_1037
swComponent_1473,
swComponent_1474,
swComponent_1475,
swComponent_1476,
swComponent_1477,SubDD_REQ_709
swComponent_1478,SubDD_REQ_422
swComponent_1479,
swComponent_1480,SubDD_REQ_877
swComponent_1481,
swComponent_1482,
swComponent_1483,
swComponent_1484,SubDD_REQ_586
swComponent_1485,
swComponent_1486,
swComponent_1487,
swComponent_1488,SubDD_REQ_236
swComponent_1489,SubDD_REQ_1349
swComponent_1490,SubDD_REQ_908
swComponent_1491,
swComponent_1492,SubDD_REQ_947
swComponent_1493,
swComponent_1494,SubDD_REQ_1372
swComponent_1495,
swComponent_1496,
swComponent_1497,
swComponent_1498,
swComponent_1499,SubDD_REQ_362
swComponent_1500,SubDD_REQ_366
swComponent_1501,
swComponent_1502,
swComponent_1503,
swComponent_1504,
swComponent_1505,
swComponent_1506,
swComponent_1507,SubDD_REQ_356
swComponent_1508,
swComponent_1509,
swComponent_1510,
swComponent_1511,SubDD_REQ_820
swComponent_1512,
swComponent_1513,
swComponent_1514,SubDD_REQ_514
swComponent_1515,SubDD_REQ_71
swComponent_1516,SubDD_REQ_1069
swComponent_1517,SubDD_REQ_1173
swComponent_1518,
swComponent_1519,
swComponent_1520,
swComponent_1521,SubDD_REQ_488
swComponent_1522,
swComponent_1523,
swComponent_1524,SubDD_REQ_431
swComponent_1525,
swComponent_1526,SubDD_REQ_100
swComponent_1527,
swComponent_1528,SubDD_REQ_518
swComponent_1529,
swComponent_1530,SubDD_REQ_787
swComponent_1531,SubDD_REQ_1164
swComponent_1532,
swComponent_1533,
swComponent_1534,SubDD_REQ_1054
swComponent_1535,SubDD_REQ_393
swComponent_1536,
swComponent_1537,
swComponent_1538,
swComponent_1539,
swComponent_1540,SubDD_REQ_240
swComponent_1541,SubDD_REQ_62
swComponent_1542,
swComponent_1543,
swComponent_1544,SubDD_REQ_1333
swComponent_1545,SubDD_REQ_307
swComponent_1546,
swComponent_1547,SubDD_REQ_747
swComponent_1548,SubDD_REQ_302
swComponent_1549,
swComponent_1550,SubDD_REQ_1087
swComponent_1551,SubDD_REQ_414
swComponent_1552,
swComponent_1553,SubDD_REQ_270
swComponent_1554,
swComponent_1555,
swComponent_1556,
swComponent_1557,SubDD_REQ_1393
swComponent_1558,
swComponent_1559,
swComponent_1560,
swComponent_1561,
swComponent_1562,
swComponent_1563,SubDD_REQ_1036
swComponent_1564,
swComponent_1565,
swComponent_1566,SubDD_REQ_1023
swComponent_1567,SubDD_REQ_829
swComponent_1568,SubDD_REQ_1072
swComponent_1569,SubDD_REQ_771
swComponent_1570,
swComponent_1571,
swComponent_1572,SubDD_REQ_767
swComponent_1573,
swComponent_1574,SubDD_REQ_92
swComponent_1575,SubDD_REQ_141
swComponent_1576,SubDD_REQ_1361
swComponent_1577,SubDD_REQ_1191
swComponent_1578,SubDD_REQ_936
swComponent_1579,
swComponent_1580,
swComponent_1581,
swComponent_1582,SubDD_REQ_925
swComponent_1583,SubDD_REQ_595
swComponent_1584,
swComponent_1585,
swComponent_1586,
swComponent_1587,SubDD_REQ_832
swComponent_1588,SubDD_REQ_118
swComponent_1589,
swComponent_1590,SubDD_REQ_814
swComponent_1591,
swComponent_1592,SubDD_REQ_396
swComponent_1593,
swComponent_1594,
swComponent_1595,
swComponent_1596,
swComponent_1597,
swComponent_1598,
swComponent_1599,SubDD_REQ_854
swComponent_1600,
swComponent_1601,SubDD_REQ_616
swComponent_1602,SubDD_REQ_1383
swComponent_1603,SubDD_REQ_1067
swComponent_1604,SubDD_REQ_898
swComponent_1605,
swComponent_1606,SubDD_REQ_402
swComponent_1607,
swComponent_1608,SubDD_REQ_198
swComponent_1609,
swComponent_1610,
swComponent_1611,SubDD_REQ_1227
swComponent_1612,
swComponent_1613,SubDD_REQ_58
swComponent_1614,
swComponent_1615,SubDD_REQ_1170
swComponent_1616,
swComponent_1617,
swComponent_1618,SubDD_REQ_437
swComponent_1619,
swComponent_1620,
swComponent_1621,SubDD_REQ_583
swComponent_1622,
swComponent_1623,SubDD_REQ_1303
swComponent_1624,SubDD_REQ_27
swComponent_1625,
swComponent_1626,SubDD_REQ_1324
swComponent_1627,SubDD_REQ_66
swComponent_1628,
swComponent_1629,
swComponent_1630,SubDD_REQ_436
swComponent_1631,SubDD_REQ_1397
swComponent_1632,
swComponent_1633,
swComponent_1634,SubDD_REQ_437
swComponent_1635,
swComponent_1636,
swComponent_1637,SubDD_REQ_265
swComponent_1638,SubDD_REQ_952
swComponent_1639,
swComponent_1640,
swComponent_1641,SubDD_REQ_76
swComponent_1642,
swComponent_1643,SubDD_REQ_764
swComponent_1644,SubDD_REQ_1119
swComponent_1645,SubDD_REQ_181
swComponent_1646,SubDD_REQ_85
swComponent_1647,
swComponent_1648,SubDD_REQ_945
swComponent_1649,SubDD_REQ_643
swComponent_1650,
swComponent_1651,
swComponent_1652,SubDD_REQ_18
swComponent_1653,
swComponent_1654,SubDD_REQ_39
swComponent_1655,
swComponent_1656,
swComponent_1657,
swComponent_1658,
swComponent_1659,
swComponent_1660,
swComponent_1661,
swComponent_1662,SubDD_REQ_334
swComponent_1663,
swComponent_1664,
swComponent_1665,SubDD_REQ_1222
swComponent_1666,SubDD_REQ_179
swComponent_1667,
swComponent_1668,
swComponent_1669,
swComponent_1670,
swComponent_1671,SubDD_REQ_74
swComponent_1672,SubDD_REQ_659
swComponent_1673,SubDD_REQ_1148
swComponent_1674,
swComponent_1675,SubDD_REQ_104
swComponent_1676,SubDD_REQ_340
swComponent_1677,SubDD_REQ_302
swComponent_1678,
swComponent_1679,
swComponent_1680,SubDD_REQ_301
swComponent_1681,SubDD_REQ_20
swComponent_1682,SubDD_REQ_1068
swComponent_1683,
swComponent_1684,
swComponent_1685,
swComponent_1686,SubDD_REQ_574
swComponent_1687,SubDD_REQ_855
swComponent_1688,
swComponent_1689,
swComponent_1690,
swComponent_1691,SubDD_REQ_780
swComponent_1692,SubDD_REQ_575
swComponent_1693,
swComponent_1694,SubDD_REQ_1136
swComponent_1695,
swComponent_1696,
swComponent_1697,
swComponent_1698,
swComponent_1699,SubDD_REQ_1018
swComponent_1700,SubDD_REQ_364
swComponent_1701,SubDD_REQ_1350
swComponent_1702,SubDD_REQ_1162
swComponent_1703,SubDD_REQ_706
swComponent_1704,SubDD_REQ_1327
swComponent_1705,
swComponent_1706,
swComponent_1707,
swComponent_1708,
swComponent_1709,
swComponent_1710,SubDD_REQ_618
swComponent_1711,SubDD_REQ_38
swComponent_1712,SubDD_REQ_110
swComponent_1713,SubDD_REQ_289
swComponent_1714,
swComponent_1715,SubDD_REQ_708
swComponent_1716,
swComponent_1717,SubDD_REQ_1004
swComponent_1718,SubDD_REQ_1124
swComponent_1719,SubDD_REQ_1132
swComponent_1720,
swComponent_1721,SubDD_REQ_507
swComponent_1722,
swComponent_1723,SubDD_REQ_934
swComponent_1724,SubDD_REQ_1186
swComponent_1725,SubDD_REQ_1254
swComponent_1726,SubDD_REQ_236
swComponent_1727,
swComponent_1728,SubDD_REQ_874
swComponent_1729,SubDD_REQ_92
swComponent_1730,
swComponent_1731,
swComponent_1732,
swComponent_1733,SubDD_REQ_878
swComponent_1734,
swComponent_1735,
swComponent_1736,SubDD_REQ_1053
swComponent_1737,SubDD_REQ_1172
swComponent_1738,SubDD_REQ_771
swComponent_1739,SubDD_REQ_456
swComponent_1740,
swComponent_1741,
swComponent_1742,SubDD_REQ_289
swComponent_1743,SubDD_REQ_834
swComponent_1744,SubDD_REQ_1221
swComponent_1745,
swComponent_1746,
swComponent_1747,
swComponent_1748,
swComponent_1749,SubDD_REQ_518
swComponent_1750,
swComponent_1751,
swComponent_1752,SubDD_REQ_726
swComponent_1753,
swComponent_1754,SubDD_REQ_83
swComponent_1755,
swComponent_1756,
swComponent_1757,
swComponent_1758,SubDD_REQ_702
swComponent_1759,SubDD_REQ_933
swComponent_1760,SubDD_REQ_733
swComponent_1761,
swComponent_1762,SubDD_REQ_1043
swComponent_1763,
swComponent_1764,SubDD_REQ_496
swComponent_1765,SubDD_REQ_967
swComponent_1766,SubDD_REQ_1006
swComponent_1767,SubDD_REQ_1380
swComponent_1768,SubDD_REQ_1053
swComponent_1769,SubDD_REQ_59
swComponent_1770,SubDD_REQ_785
swComponent_1771,
swComponent_1772,SubDD_REQ_899
swComponent_1773,
swComponent_1774,
swComponent_1775,
swComponent_1776,SubDD_REQ_1351
swComponent_1777,SubDD_REQ_297
swComponent_1778,
swComponent_1779,SubDD_REQ_1012
swComponent_1780,SubDD_REQ_875
swComponent_1781,
swComponent_1782,SubDD_REQ_978
swComponent_1783,
swComponent_1784,SubDD_REQ_406
swComponent_1785,
swComponent_1786,
swComponent_1787,SubDD_REQ_560
swComponent_1788,SubDD_REQ_204
swComponent_1789,SubDD_REQ_1361
swComponent_1790,
swComponent_1791,SubDD_REQ_1306
swComponent_1792,
swComponent_1793,
swComponent_1794,SubDD_REQ_190
swComponent_1795,
swComponent_1796,SubDD_REQ_338
swComponent_1797,SubDD_REQ_555
swComponent_1798,
swComponent_1799,SubDD_REQ_977
