identifier,satisfies_identifier,description
SubDD_REQ_1,SRS_REQ_145,Default_Description
SubDD_REQ_2,,Default_Description
SubDD_REQ_3,,Default_Description
SubDD_REQ_4,SRS_REQ_186,Default_Description
SubDD_REQ_5,SRS_REQ_26,Default_Description
SubDD_REQ_6,SRS_REQ_145,Default_Description
SubDD_REQ_7,,Default_Description
SubDD_REQ_8,SRS_REQ_17,Default_Description
SubDD_REQ_9,,Default_Description
SubDD_REQ_10,SRS_REQ_6,Default_Description
SubDD_REQ_11,SRS_REQ_74,Default_Description
SubDD_REQ_12,SRS_REQ_170,Default_Description
SubDD_REQ_13,,Default_Description
SubDD_REQ_14,,Default_Description
SubDD_REQ_15,SRS_REQ_12,Default_Description
SubDD_REQ_16,SRS_REQ_199,Default_Description
SubDD_REQ_17,SRS_REQ_128,Default_Description
SubDD_REQ_18,SRS_REQ_159,Default_Description
SubDD_REQ_19,,Default_Description
SubDD_REQ_20,SRS_REQ_145,Default_Description
SubDD_REQ_21,,Default_Description
SubDD_REQ_22,SRS_REQ_6,Default_Description
SubDD_REQ_23,,Default_Description
SubDD_REQ_24,SRS_REQ_67,Default_Description
SubDD_REQ_25,SRS_REQ_114,Default_Description
SubDD_REQ_26,,Default_Description
SubDD_REQ_27,SRS_REQ_178,Default_Description
SubDD_REQ_28,SRS_REQ_51,Default_Description
SubDD_REQ_29,,Default_Description
SubDD_REQ_30,SRS_REQ_85,Default_Description
SubDD_REQ_31,,Default_Description
SubDD_REQ_32,,Default_Description
SubDD_REQ_33,,Default_Description
SubDD_REQ_34,SRS_REQ_58,Default_Description
SubDD_REQ_35,SRS_REQ_133,Default_Description
SubDD_REQ_36,SRS_REQ_109,Default_Description
SubDD_REQ_37,,Default_Description
SubDD_REQ_38,,Default_Description
SubDD_REQ_39,SRS_REQ_27,Default_Description
SubDD_REQ_40,SRS_REQ_155,Default_Description
SubDD_REQ_41,,Default_Description
SubDD_REQ_42,,Default_Description
SubDD_REQ_43,SRS_REQ_65,Default_Description
SubDD_REQ_44,,Default_Description
SubDD_REQ_45,SRS_REQ_113,Default_Description
SubDD_REQ_46,,Default_Description
SubDD_REQ_47,,Default_Description
SubDD_REQ_48,,Default_Description
SubDD_REQ_49,SRS_REQ_159,Default_Description
SubDD_REQ_50,,Default_Description
SubDD_REQ_51,,Default_Description
SubDD_REQ_52,SRS_REQ_4,Default_Description
SubDD_REQ_53,SRS_REQ_176,Default_Description
SubDD_REQ_54,,Default_Description
SubDD_REQ_55,,Default_Description
SubDD_REQ_56,SRS_REQ_99,Default_Description
SubDD_REQ_57,SRS_REQ_41,Default_Description
SubDD_REQ_58,SRS_REQ_186,Default_Description
SubDD_REQ_59,SRS_REQ_121,Default_Description
SubDD_REQ_60,SRS_REQ_163,Default_Description
SubDD_REQ_61,,Default_Description
SubDD_REQ_62,,Default_Description
SubDD_REQ_63,SRS_REQ_4,Default_Description
SubDD_REQ_64,SRS_REQ_160,Default_Description
SubDD_REQ_65,,Default_Description
SubDD_REQ_66,,Default_Description
SubDD_REQ_67,SRS_REQ_111,Default_Description
SubDD_REQ_68,SRS_REQ_196,Default_Description
SubDD_REQ_69,SRS_REQ_37,Default_Description
SubDD_REQ_70,SRS_REQ_99,Default_Description
SubDD_REQ_71,,Default_Description
SubDD_REQ_72,,Default_Description
SubDD_REQ_73,,Default_Description
SubDD_REQ_74,,Default_Description
SubDD_REQ_75,,Default_Description
SubDD_REQ_76,SRS_REQ_18,Default_Description
SubDD_REQ_77,,Default_Description
SubDD_REQ_78,,Default_Description
SubDD_REQ_79,,Default_Description
SubDD_REQ_80,SRS_REQ_81,Default_Description
SubDD_REQ_81,SRS_REQ_101,Default_Description
SubDD_REQ_82,SRS_REQ_19,Default_Description
SubDD_REQ_83,SRS_REQ_28,Default_Description
SubDD_REQ_84,SRS_REQ_57,Default_Description
SubDD_REQ_85,,Default_Description
SubDD_REQ_86,,Default_Description
SubDD_REQ_87,SRS_REQ_115,Default_Description
SubDD_REQ_88,SRS_REQ_107,Default_Description
SubDD_REQ_89,SRS_REQ_71,Default_Description
SubDD_REQ_90,,Default_Description
SubDD_REQ_91,SRS_REQ_189,Default_Description
SubDD_REQ_92,,Default_Description
SubDD_REQ_93,SRS_REQ_70,Default_Description
SubDD_REQ_94,,Default_Description
SubDD_REQ_95,,Default_Description
SubDD_REQ_96,,Default_Description
SubDD_REQ_97,SRS_REQ_11,Default_Description
SubDD_REQ_98,SRS_REQ_157,Default_Description
SubDD_REQ_99,SRS_REQ_22,Default_Description
SubDD_REQ_100,,Default_Description
SubDD_REQ_101,SRS_REQ_173,Default_Description
SubDD_REQ_102,,Default_Description
SubDD_REQ_103,,Default_Description
SubDD_REQ_104,SRS_REQ_163,Default_Description
SubDD_REQ_105,,Default_Description
SubDD_REQ_106,,Default_Description
SubDD_REQ_107,,Default_Description
SubDD_REQ_108,,Default_Description
SubDD_REQ_109,,Default_Description
SubDD_REQ_110,SRS_REQ_140,Default_Description
SubDD_REQ_111,SRS_REQ_142,Default_Description
SubDD_REQ_112,SRS_REQ_6,Default_Description
SubDD_REQ_113,SRS_REQ_36,Default_Description
SubDD_REQ_114,SRS_REQ_109,Default_Description
SubDD_REQ_115,,Default_Description
SubDD_REQ_116,SRS_REQ_136,Default_Description
SubDD_REQ_117,SRS_REQ_87,Default_Description
SubDD_REQ_118,,Default_Description
SubDD_REQ_119,SRS_REQ_119,Default_Description
SubDD_REQ_120,SRS_REQ_32,Default_Description
SubDD_REQ_121,,Default_Description
SubDD_REQ_122,,Default_Description
SubDD_REQ_123,SRS_REQ_164,Default_Description
SubDD_REQ_124,SRS_REQ_137,Default_Description
SubDD_REQ_125,,Default_Description
SubDD_REQ_126,,Default_Description
SubDD_REQ_127,SRS_REQ_59,Default_Description
SubDD_REQ_128,SRS_REQ_190,Default_Description
SubDD_REQ_129,SRS_REQ_118,Default_Description
SubDD_REQ_130,SRS_REQ_135,Default_Description
SubDD_REQ_131,,Default_Description
SubDD_REQ_132,SRS_REQ_155,Default_Description
SubDD_REQ_133,SRS_REQ_82,Default_Description
SubDD_REQ_134,SRS_REQ_80,Default_Description
SubDD_REQ_135,,Default_Description
SubDD_REQ_136,,Default_Description
SubDD_REQ_137,SRS_REQ_173,Default_Description
SubDD_REQ_138,,Default_Description
SubDD_REQ_139,SRS_REQ_177,Default_Description
SubDD_REQ_140,,Default_Description
SubDD_REQ_141,SRS_REQ_100,Default_Description
SubDD_REQ_142,SRS_REQ_70,Default_Description
SubDD_REQ_143,,Default_Description
SubDD_REQ_144,,Default_Description
SubDD_REQ_145,,Default_Description
SubDD_REQ_146,SRS_REQ_75,Default_Description
SubDD_REQ_147,SRS_REQ_181,Default_Description
SubDD_REQ_148,SRS_REQ_113,Default_Description
SubDD_REQ_149,,Default_Description
SubDD_REQ_150,,Default_Description
SubDD_REQ_151,SRS_REQ_8,Default_Description
SubDD_REQ_152,,Default_Description
SubDD_REQ_153,SRS_REQ_32,Default_Description
SubDD_REQ_154,SRS_REQ_33,Default_Description
SubDD_REQ_155,SRS_REQ_37,Default_Description
SubDD_REQ_156,,Default_Description
SubDD_REQ_157,SRS_REQ_99,Default_Description
SubDD_REQ_158,,Default_Description
SubDD_REQ_159,,Default_Description
SubDD_REQ_160,SRS_REQ_87,Default_Description
SubDD_REQ_161,,Default_Description
SubDD_REQ_162,,Default_Description
SubDD_REQ_163,,Default_Description
SubDD_REQ_164,SRS_REQ_192,Default_Description
SubDD_REQ_165,SRS_REQ_108,Default_Description
SubDD_REQ_166,SRS_REQ_40,Default_Description
SubDD_REQ_167,,Default_Description
SubDD_REQ_168,SRS_REQ_55,Default_Description
SubDD_REQ_169,,Default_Description
SubDD_REQ_170,,Default_Description
SubDD_REQ_171,SRS_REQ_119,Default_Description
SubDD_REQ_172,SRS_REQ_27,Default_Description
SubDD_REQ_173,,Default_Description
SubDD_REQ_174,,Default_Description
SubDD_REQ_175,,Default_Description
SubDD_REQ_176,SRS_REQ_144,Default_Description
SubDD_REQ_177,,Default_Description
SubDD_REQ_178,,Default_Description
SubDD_REQ_179,,Default_Description
SubDD_REQ_180,SRS_REQ_116,Default_Description
SubDD_REQ_181,SRS_REQ_15,Default_Description
SubDD_REQ_182,,Default_Description
SubDD_REQ_183,,Default_Description
SubDD_REQ_184,,Default_Description
SubDD_REQ_185,SRS_REQ_96,Default_Description
SubDD_REQ_186,SRS_REQ_130,Default_Description
SubDD_REQ_187,SRS_REQ_186,Default_Description
SubDD_REQ_188,,Default_Description
SubDD_REQ_189,SRS_REQ_118,Default_Description
SubDD_REQ_190,SRS_REQ_168,Default_Description
SubDD_REQ_191,SRS_REQ_184,Default_Description
SubDD_REQ_192,SRS_REQ_18,Default_Description
SubDD_REQ_193,SRS_REQ_111,Default_Description
SubDD_REQ_194,SRS_REQ_162,Default_Description
SubDD_REQ_195,SRS_REQ_133,Default_Description
SubDD_REQ_196,,Default_Description
SubDD_REQ_197,SRS_REQ_113,Default_Description
SubDD_REQ_198,SRS_REQ_97,Default_Description
SubDD_REQ_199,,Default_Description
SubDD_REQ_200,,Default_Description
SubDD_REQ_201,SRS_REQ_111,Default_Description
SubDD_REQ_202,,Default_Description
SubDD_REQ_203,SRS_REQ_70,Default_Description
SubDD_REQ_204,,Default_Description
SubDD_REQ_205,SRS_REQ_13,Default_Description
SubDD_REQ_206,SRS_REQ_181,Default_Description
SubDD_REQ_207,,Default_Description
SubDD_REQ_208,,Default_Description
SubDD_REQ_209,SRS_REQ_11,Default_Description
SubDD_REQ_210,,Default_Description
SubDD_REQ_211,,Default_Description
SubDD_REQ_212,SRS_REQ_37,Default_Description
SubDD_REQ_213,SRS_REQ_195,Default_Description
SubDD_REQ_214,SRS_REQ_11,Default_Description
SubDD_REQ_215,,Default_Description
SubDD_REQ_216,,Default_Description
SubDD_REQ_217,,Default_Description
SubDD_REQ_218,,Default_Description
SubDD_REQ_219,SRS_REQ_57,Default_Description
SubDD_REQ_220,SRS_REQ_36,Default_Description
SubDD_REQ_221,,Default_Description
SubDD_REQ_222,,Default_Description
SubDD_REQ_223,,Default_Description
SubDD_REQ_224,,Default_Description
SubDD_REQ_225,SRS_REQ_162,Default_Description
SubDD_REQ_226,,Default_Description
SubDD_REQ_227,,Default_Description
SubDD_REQ_228,,Default_Description
SubDD_REQ_229,SRS_REQ_94,Default_Description
SubDD_REQ_230,SRS_REQ_154,Default_Description
SubDD_REQ_231,,Default_Description
SubDD_REQ_232,SRS_REQ_81,Default_Description
SubDD_REQ_233,SRS_REQ_126,Default_Description
SubDD_REQ_234,SRS_REQ_134,Default_Description
SubDD_REQ_235,SRS_REQ_18,Default_Description
SubDD_REQ_236,SRS_REQ_152,Default_Description
SubDD_REQ_237,,Default_Description
SubDD_REQ_238,,Default_Description
SubDD_REQ_239,SRS_REQ_90,Default_Description
SubDD_REQ_240,,Default_Description
SubDD_REQ_241,,Default_Description
SubDD_REQ_242,,Default_Description
SubDD_REQ_243,SRS_REQ_21,Default_Description
SubDD_REQ_244,SRS_REQ_72,Default_Description
SubDD_REQ_245,SRS_REQ_160,Default_Description
SubDD_REQ_246,SRS_REQ_91,Default_Description
SubDD_REQ_247,SRS_REQ_109,Default_Description
SubDD_REQ_248,SRS_REQ_30,Default_Description
SubDD_REQ_249,,Default_Description
SubDD_REQ_250,SRS_REQ_27,Default_Description
SubDD_REQ_251,,Default_Description
SubDD_REQ_252,SRS_REQ_94,Default_Description
SubDD_REQ_253,SRS_REQ_26,Default_Description
SubDD_REQ_254,,Default_Description
SubDD_REQ_255,SRS_REQ_196,Default_Description
SubDD_REQ_256,,Default_Description
SubDD_REQ_257,SRS_REQ_123,Default_Description
SubDD_REQ_258,,Default_Description
SubDD_REQ_259,,Default_Description
SubDD_REQ_260,,Default_Description
SubDD_REQ_261,,Default_Description
SubDD_REQ_262,SRS_REQ_171,Default_Description
SubDD_REQ_263,,Default_Description
SubDD_REQ_264,,Default_Description
SubDD_REQ_265,,Default_Description
SubDD_REQ_266,SRS_REQ_83,Default_Description
SubDD_REQ_267,,Default_Description
SubDD_REQ_268,,Default_Description
SubDD_REQ_269,,Default_Description
SubDD_REQ_270,SRS_REQ_54,Default_Description
SubDD_REQ_271,,Default_Description
SubDD_REQ_272,,Default_Description
SubDD_REQ_273,,Default_Description
SubDD_REQ_274,,Default_Description
SubDD_REQ_275,SRS_REQ_21,Default_Description
SubDD_REQ_276,,Default_Description
SubDD_REQ_277,SRS_REQ_114,Default_Description
SubDD_REQ_278,SRS_REQ_49,Default_Description
SubDD_REQ_279,,Default_Description
SubDD_REQ_280,SRS_REQ_133,Default_Description
SubDD_REQ_281,SRS_REQ_26,Default_Description
SubDD_REQ_282,SRS_REQ_62,Default_Description
SubDD_REQ_283,,Default_Description
SubDD_REQ_284,SRS_REQ_179,Default_Description
SubDD_REQ_285,SRS_REQ_134,Default_Description
SubDD_REQ_286,,Default_Description
SubDD_REQ_287,SRS_REQ_117,Default_Description
SubDD_REQ_288,,Default_Description
SubDD_REQ_289,SRS_REQ_51,Default_Description
SubDD_REQ_290,SRS_REQ_102,Default_Description
SubDD_REQ_291,,Default_Description
SubDD_REQ_292,,Default_Description
SubDD_REQ_293,,Default_Description
SubDD_REQ_294,,Default_Description
SubDD_REQ_295,,Default_Description
SubDD_REQ_296,,Default_Description
SubDD_REQ_297,,Default_Description
SubDD_REQ_298,SRS_REQ_155,Default_Description
SubDD_REQ_299,SRS_REQ_36,Default_Description
SubDD_REQ_300,,Default_Description
SubDD_REQ_301,,Default_Description
SubDD_REQ_302,SRS_REQ_109,Default_Description
SubDD_REQ_303,,Default_Description
SubDD_REQ_304,SRS_REQ_25,Default_Description
SubDD_REQ_305,,Default_Description
SubDD_REQ_306,,Default_Description
SubDD_REQ_307,,Default_Description
SubDD_REQ_308,,Default_Description
SubDD_REQ_309,SRS_REQ_48,Default_Description
SubDD_REQ_310,SRS_REQ_124,Default_Description
SubDD_REQ_311,SRS_REQ_192,Default_Description
SubDD_REQ_312,SRS_REQ_154,Default_Description
SubDD_REQ_313,SRS_REQ_196,Default_Description
SubDD_REQ_314,,Default_Description
SubDD_REQ_315,,Default_Description
SubDD_REQ_316,,Default_Description
SubDD_REQ_317,SRS_REQ_30,Default_Description
SubDD_REQ_318,SRS_REQ_10,Default_Description
SubDD_REQ_319,,Default_Description
SubDD_REQ_320,,Default_Description
SubDD_REQ_321,SRS_REQ_102,Default_Description
SubDD_REQ_322,,Default_Description
SubDD_REQ_323,SRS_REQ_111,Default_Description
SubDD_REQ_324,SRS_REQ_180,Default_Description
SubDD_REQ_325,SRS_REQ_58,Default_Description
SubDD_REQ_326,,Default_Description
SubDD_REQ_327,,Default_Description
SubDD_REQ_328,SRS_REQ_139,Default_Description
SubDD_REQ_329,,Default_Description
SubDD_REQ_330,SRS_REQ_15,Default_Description
SubDD_REQ_331,,Default_Description
SubDD_REQ_332,,Default_Description
SubDD_REQ_333,,Default_Description
SubDD_REQ_334,SRS_REQ_57,Default_Description
SubDD_REQ_335,,Default_Description
SubDD_REQ_336,,Default_Description
SubDD_REQ_337,SRS_REQ_148,Default_Description
SubDD_REQ_338,SRS_REQ_173,Default_Description
SubDD_REQ_339,SRS_REQ_9,Default_Description
SubDD_REQ_340,SRS_REQ_81,Default_Description
SubDD_REQ_341,SRS_REQ_63,Default_Description
SubDD_REQ_342,SRS_REQ_195,Default_Description
SubDD_REQ_343,SRS_REQ_14,Default_Description
SubDD_REQ_344,,Default_Description
SubDD_REQ_345,SRS_REQ_87,Default_Description
SubDD_REQ_346,SRS_REQ_136,Default_Description
SubDD_REQ_347,,Default_Description
SubDD_REQ_348,SRS_REQ_22,Default_Description
SubDD_REQ_349,,Default_Description
SubDD_REQ_350,SRS_REQ_120,Default_Description
SubDD_REQ_351,SRS_REQ_60,Default_Description
SubDD_REQ_352,,Default_Description
SubDD_REQ_353,SRS_REQ_173,Default_Description
SubDD_REQ_354,SRS_REQ_126,Default_Description
SubDD_REQ_355,,Default_Description
SubDD_REQ_356,SRS_REQ_53,Default_Description
SubDD_REQ_357,SRS_REQ_42,Default_Description
SubDD_REQ_358,SRS_REQ_94,Default_Description
SubDD_REQ_359,,Default_Description
SubDD_REQ_360,SRS_REQ_139,Default_Description
SubDD_REQ_361,,Default_Description
SubDD_REQ_362,SRS_REQ_28,Default_Description
SubDD_REQ_363,,Default_Description
SubDD_REQ_364,,Default_Description
SubDD_REQ_365,SRS_REQ_196,Default_Description
SubDD_REQ_366,SRS_REQ_5,Default_Description
SubDD_REQ_367,,Default_Description
SubDD_REQ_368,SRS_REQ_117,Default_Description
SubDD_REQ_369,,Default_Description
SubDD_REQ_370,SRS_REQ_66,Default_Description
SubDD_REQ_371,,Default_Description
SubDD_REQ_372,,Default_Description
SubDD_REQ_373,SRS_REQ_163,Default_Description
SubDD_REQ_374,,Default_Description
SubDD_REQ_375,,Default_Description
SubDD_REQ_376,SRS_REQ_64,Default_Description
SubDD_REQ_377,SRS_REQ_191,Default_Description
SubDD_REQ_378,,Default_Description
SubDD_REQ_379,SRS_REQ_131,Default_Description
SubDD_REQ_380,SRS_REQ_198,Default_Description
SubDD_REQ_381,,Default_Description
SubDD_REQ_382,SRS_REQ_131,Default_Description
SubDD_REQ_383,,Default_Description
SubDD_REQ_384,,Default_Description
SubDD_REQ_385,SRS_REQ_141,Default_Description
SubDD_REQ_386,,Default_Description
SubDD_REQ_387,SRS_REQ_99,Default_Description
SubDD_REQ_388,SRS_REQ_77,Default_Description
SubDD_REQ_389,SRS_REQ_5,Default_Description
SubDD_REQ_390,SRS_REQ_119,Default_Description
SubDD_REQ_391,SRS_REQ_13,Default_Description
SubDD_REQ_392,SRS_REQ_187,Default_Description
SubDD_REQ_393,SRS_REQ_21,Default_Description
SubDD_REQ_394,SRS_REQ_55,Default_Description
SubDD_REQ_395,,Default_Description
SubDD_REQ_396,SRS_REQ_179,Default_Description
SubDD_REQ_397,SRS_REQ_163,Default_Description
SubDD_REQ_398,SRS_REQ_190,Default_Description
SubDD_REQ_399,,Default_Description
SubDD_REQ_400,,Default_Description
SubDD_REQ_401,SRS_REQ_20,Default_Description
SubDD_REQ_402,SRS_REQ_130,Default_Description
SubDD_REQ_403,,Default_Description
SubDD_REQ_404,,Default_Description
SubDD_REQ_405,,Default_Description
SubDD_REQ_406,,Default_Description
SubDD_REQ_407,,Default_Description
SubDD_REQ_408,SRS_REQ_148,Default_Description
SubDD_REQ_409,,Default_Description
SubDD_REQ_410,SRS_REQ_19,Default_Description
SubDD_REQ_411,,Default_Description
SubDD_REQ_412,SRS_REQ_172,Default_Description
SubDD_REQ_413,SRS_REQ_188,Default_Description
SubDD_REQ_414,,Default_Description
SubDD_REQ_415,SRS_REQ_68,Default_Description
SubDD_REQ_416,,Default_Description
SubDD_REQ_417,,Default_Description
SubDD_REQ_418,,Default_Description
SubDD_REQ_419,SRS_REQ_185,Default_Description
SubDD_REQ_420,,Default_Description
SubDD_REQ_421,SRS_REQ_60,Default_Description
SubDD_REQ_422,,Default_Description
SubDD_REQ_423,SRS_REQ_48,Default_Description
SubDD_REQ_424,SRS_REQ_72,Default_Description
SubDD_REQ_425,SRS_REQ_114,Default_Description
SubDD_REQ_426,,Default_Description
SubDD_REQ_427,SRS_REQ_188,Default_Description
SubDD_REQ_428,,Default_Description
SubDD_REQ_429,SRS_REQ_139,Default_Description
SubDD_REQ_430,,Default_Description
SubDD_REQ_431,SRS_REQ_173,Default_Description
SubDD_REQ_432,,Default_Description
SubDD_REQ_433,SRS_REQ_97,Default_Description
SubDD_REQ_434,SRS_REQ_77,Default_Description
SubDD_REQ_435,,Default_Description
SubDD_REQ_436,,Default_Description
SubDD_REQ_437,SRS_REQ_7,Default_Description
SubDD_REQ_438,SRS_REQ_106,Default_Description
SubDD_REQ_439,SRS_REQ_71,Default_Description
SubDD_REQ_440,SRS_REQ_57,Default_Description
SubDD_REQ_441,,Default_Description
SubDD_REQ_442,,Default_Description
SubDD_REQ_443,,Default_Description
SubDD_REQ_444,SRS_REQ_76,Default_Description
SubDD_REQ_445,SRS_REQ_177,Default_Description
SubDD_REQ_446,,Default_Description
SubDD_REQ_447,,Default_Description
SubDD_REQ_448,SRS_REQ_28,Default_Description
SubDD_REQ_449,,Default_Description
SubDD_REQ_450,,Default_Description
SubDD_REQ_451,SRS_REQ_51,Default_Description
SubDD_REQ_452,,Default_Description
SubDD_REQ_453,SRS_REQ_121,Default_Description
SubDD_REQ_454,,Default_Description
SubDD_REQ_455,,Default_Description
SubDD_REQ_456,,Default_Description
SubDD_REQ_457,,Default_Description
SubDD_REQ_458,SRS_REQ_102,Default_Description
SubDD_REQ_459,,Default_Description
SubDD_REQ_460,,Default_Description
SubDD_REQ_461,SRS_REQ_100,Default_Description
SubDD_REQ_462,,Default_Description
SubDD_REQ_463,SRS_REQ_43,Default_Description
SubDD_REQ_464,,Default_Description
SubDD_REQ_465,SRS_REQ_22,Default_Description
SubDD_REQ_466,SRS_REQ_76,Default_Description
SubDD_REQ_467,SRS_REQ_102,Default_Description
SubDD_REQ_468,SRS_REQ_33,Default_Description
SubDD_REQ_469,SRS_REQ_101,Default_Description
SubDD_REQ_470,SRS_REQ_66,Default_Description
SubDD_REQ_471,,Default_Description
SubDD_REQ_472,,Default_Description
SubDD_REQ_473,,Default_Description
SubDD_REQ_474,SRS_REQ_129,Default_Description
SubDD_REQ_475,SRS_REQ_137,Default_Description
SubDD_REQ_476,SRS_REQ_94,Default_Description
SubDD_REQ_477,,Default_Description
SubDD_REQ_478,,Default_Description
SubDD_REQ_479,,Default_Description
SubDD_REQ_480,SRS_REQ_65,Default_Description
SubDD_REQ_481,,Default_Description
SubDD_REQ_482,SRS_REQ_177,Default_Description
SubDD_REQ_483,,Default_Description
SubDD_REQ_484,,Default_Description
SubDD_REQ_485,,Default_Description
SubDD_REQ_486,,Default_Description
SubDD_REQ_487,SRS_REQ_138,Default_Description
SubDD_REQ_488,SRS_REQ_185,Default_Description
SubDD_REQ_489,SRS_REQ_53,Default_Description
SubDD_REQ_490,,Default_Description
SubDD_REQ_491,,Default_Description
SubDD_REQ_492,,Default_Description
SubDD_REQ_493,,Default_Description
SubDD_REQ_494,,Default_Description
SubDD_REQ_495,SRS_REQ_169,Default_Description
SubDD_REQ_496,SRS_REQ_162,Default_Description
SubDD_REQ_497,SRS_REQ_55,Default_Description
SubDD_REQ_498,SRS_REQ_124,Default_Description
SubDD_REQ_499,SRS_REQ_113,Default_Description
SubDD_REQ_500,SRS_REQ_98,Default_Description
SubDD_REQ_501,SRS_REQ_123,Default_Description
SubDD_REQ_502,SRS_REQ_95,Default_Description
SubDD_REQ_503,SRS_REQ_98,Default_Description
SubDD_REQ_504,,Default_Description
SubDD_REQ_505,SRS_REQ_80,Default_Description
SubDD_REQ_506,SRS_REQ_15,Default_Description
SubDD_REQ_507,SRS_REQ_168,Default_Description
SubDD_REQ_508,SRS_REQ_36,Default_Description
SubDD_REQ_509,SRS_REQ_135,Default_Description
SubDD_REQ_510,SRS_REQ_97,Default_Description
SubDD_REQ_511,,Default_Description
SubDD_REQ_512,,Default_Description
SubDD_REQ_513,SRS_REQ_151,Default_Description
SubDD_REQ_514,,Default_Description
SubDD_REQ_515,,Default_Description
SubDD_REQ_516,,Default_Description
SubDD_REQ_517,,Default_Description
SubDD_REQ_518,SRS_REQ_198,Default_Description
SubDD_REQ_519,SRS_REQ_3,Default_Description
SubDD_REQ_520,SRS_REQ_126,Default_Description
SubDD_REQ_521,,Default_Description
SubDD_REQ_522,SRS_REQ_80,Default_Description
SubDD_REQ_523,SRS_REQ_8,Default_Description
SubDD_REQ_524,SRS_REQ_166,Default_Description
SubDD_REQ_525,,Default_Description
SubDD_REQ_526,SRS_REQ_90,Default_Description
SubDD_REQ_527,SRS_REQ_68,Default_Description
SubDD_REQ_528,SRS_REQ_187,Default_Description
SubDD_REQ_529,,Default_Description
SubDD_REQ_530,SRS_REQ_20,Default_Description
SubDD_REQ_531,,Default_Description
SubDD_REQ_532,SRS_REQ_2,Default_Description
SubDD_REQ_533,,Default_Description
SubDD_REQ_534,SRS_REQ_57,Default_Description
SubDD_REQ_535,SRS_REQ_27,Default_Description
SubDD_REQ_536,,Default_Description
SubDD_REQ_537,SRS_REQ_140,Default_Description
SubDD_REQ_538,,Default_Description
SubDD_REQ_539,,Default_Description
SubDD_REQ_540,,Default_Description
SubDD_REQ_541,,Default_Description
SubDD_REQ_542,SRS_REQ_5,Default_Description
SubDD_REQ_543,SRS_REQ_174,Default_Description
SubDD_REQ_544,SRS_REQ_172,Default_Description
SubDD_REQ_545,,Default_Description
SubDD_REQ_546,SRS_REQ_32,Default_Description
SubDD_REQ_547,SRS_REQ_94,Default_Description
SubDD_REQ_548,SRS_REQ_195,Default_Description
SubDD_REQ_549,,Default_Description
SubDD_REQ_550,,Default_Description
SubDD_REQ_551,,Default_Description
SubDD_REQ_552,SRS_REQ_186,Default_Description
SubDD_REQ_553,,Default_Description
SubDD_REQ_554,,Default_Description
SubDD_REQ_555,,Default_Description
SubDD_REQ_556,SRS_REQ_124,Default_Description
SubDD_REQ_557,,Default_Description
SubDD_REQ_558,,Default_Description
SubDD_REQ_559,SRS_REQ_197,Default_Description
SubDD_REQ_560,,Default_Description
SubDD_REQ_561,SRS_REQ_71,Default_Description
SubDD_REQ_562,SRS_REQ_95,Default_Description
SubDD_REQ_563,,Default_Description
SubDD_REQ_564,SRS_REQ_191,Default_Description
SubDD_REQ_565,SRS_REQ_191,Default_Description
SubDD_REQ_566,SRS_REQ_13,Default_Description
SubDD_REQ_567,,Default_Description
SubDD_REQ_568,SRS_REQ_108,Default_Description
SubDD_REQ_569,,Default_Description
SubDD_REQ_570,SRS_REQ_160,Default_Description
SubDD_REQ_571,,Default_Description
SubDD_REQ_572,SRS_REQ_189,Default_Description
SubDD_REQ_573,SRS_REQ_184,Default_Description
SubDD_REQ_574,SRS_REQ_113,Default_Description
SubDD_REQ_575,SRS_REQ_129,Default_Description
SubDD_REQ_576,,Default_Description
SubDD_REQ_577,SRS_REQ_88,Default_Description
SubDD_REQ_578,SRS_REQ_189,Default_Description
SubDD_REQ_579,SRS_REQ_104,Default_Description
SubDD_REQ_580,SRS_REQ_85,Default_Description
SubDD_REQ_581,SRS_REQ_188,Default_Description
SubDD_REQ_582,,Default_Description
SubDD_REQ_583,,Default_Description
SubDD_REQ_584,SRS_REQ_62,Default_Description
SubDD_REQ_585,,Default_Description
SubDD_REQ_586,SRS_REQ_187,Default_Description
SubDD_REQ_587,,Default_Description
SubDD_REQ_588,,Default_Description
SubDD_REQ_589,SRS_REQ_1,Default_Description
SubDD_REQ_590,SRS_REQ_150,Default_Description
SubDD_REQ_591,,Default_Description
SubDD_REQ_592,,Default_Description
SubDD_REQ_593,,Default_Description
SubDD_REQ_594,SRS_REQ_152,Default_Description
SubDD_REQ_595,,Default_Description
SubDD_REQ_596,SRS_REQ_86,Default_Description
SubDD_REQ_597,,Default_Description
SubDD_REQ_598,SRS_REQ_109,Default_Description
SubDD_REQ_599,,Default_Description
SubDD_REQ_600,SRS_REQ_92,Default_Description
SubDD_REQ_601,SRS_REQ_94,Default_Description
SubDD_REQ_602,SRS_REQ_190,Default_Description
SubDD_REQ_603,SRS_REQ_40,Default_Description
SubDD_REQ_604,,Default_Description
SubDD_REQ_605,,Default_Description
SubDD_REQ_606,SRS_REQ_77,Default_Description
SubDD_REQ_607,,Default_Description
SubDD_REQ_608,,Default_Description
SubDD_REQ_609,SRS_REQ_31,Default_Description
SubDD_REQ_610,,Default_Description
SubDD_REQ_611,,Default_Description
SubDD_REQ_612,,Default_Description
SubDD_REQ_613,,Default_Description
SubDD_REQ_614,SRS_REQ_159,Default_Description
SubDD_REQ_615,,Default_Description
SubDD_REQ_616,,Default_Description
SubDD_REQ_617,,Default_Description
SubDD_REQ_618,SRS_REQ_48,Default_Description
SubDD_REQ_619,SRS_REQ_104,Default_Description
SubDD_REQ_620,SRS_REQ_138,Default_Description
SubDD_REQ_621,SRS_REQ_176,Default_Description
SubDD_REQ_622,SRS_REQ_166,Default_Description
SubDD_REQ_623,SRS_REQ_16,Default_Description
SubDD_REQ_624,,Default_Description
SubDD_REQ_625,SRS_REQ_74,Default_Description
SubDD_REQ_626,,Default_Description
SubDD_REQ_627,SRS_REQ_167,Default_Description
SubDD_REQ_628,,Default_Description
SubDD_REQ_629,SRS_REQ_42,Default_Description
SubDD_REQ_630,,Default_Description
SubDD_REQ_631,,Default_Description
SubDD_REQ_632,SRS_REQ_190,Default_Description
SubDD_REQ_633,,Default_Description
SubDD_REQ_634,SRS_REQ_33,Default_Description
SubDD_REQ_635,,Default_Description
SubDD_REQ_636,,Default_Description
SubDD_REQ_637,,Default_Description
SubDD_REQ_638,SRS_REQ_148,Default_Description
SubDD_REQ_639,,Default_Description
SubDD_REQ_640,,Default_Description
SubDD_REQ_641,,Default_Description
SubDD_REQ_642,SRS_REQ_53,Default_Description
SubDD_REQ_643,SRS_REQ_3,Default_Description
SubDD_REQ_644,,Default_Description
SubDD_REQ_645,SRS_REQ_122,Default_Description
SubDD_REQ_646,SRS_REQ_149,Default_Description
SubDD_REQ_647,,Default_Description
SubDD_REQ_648,SRS_REQ_87,Default_Description
SubDD_REQ_649,,Default_Description
SubDD_REQ_650,SRS_REQ_67,Default_Description
SubDD_REQ_651,SRS_REQ_80,Default_Description
SubDD_REQ_652,SRS_REQ_50,Default_Description
SubDD_REQ_653,,Default_Description
SubDD_REQ_654,SRS_REQ_78,Default_Description
SubDD_REQ_655,SRS_REQ_171,Default_Description
SubDD_REQ_656,,Default_Description
SubDD_REQ_657,SRS_REQ_90,Default_Description
SubDD_REQ_658,SRS_REQ_15,Default_Description
SubDD_REQ_659,,Default_Description
SubDD_REQ_660,,Default_Description
SubDD_REQ_661,SRS_REQ_118,Default_Description
SubDD_REQ_662,,Default_Description
SubDD_REQ_663,SRS_REQ_196,Default_Description
SubDD_REQ_664,SRS_REQ_15,Default_Description
SubDD_REQ_665,SRS_REQ_127,Default_Description
SubDD_REQ_666,,Default_Description
SubDD_REQ_667,,Default_Description
SubDD_REQ_668,,Default_Description
SubDD_REQ_669,,Default_Description
SubDD_REQ_670,,Default_Description
SubDD_REQ_671,SRS_REQ_20,Default_Description
SubDD_REQ_672,SRS_REQ_99,Default_Description
SubDD_REQ_673,,Default_Description
SubDD_REQ_674,,Default_Description
SubDD_REQ_675,,Default_Description
SubDD_REQ_676,,Default_Description
SubDD_REQ_677,,Default_Description
SubDD_REQ_678,,Default_Description
SubDD_REQ_679,SRS_REQ_51,Default_Description
SubDD_REQ_680,SRS_REQ_49,Default_Description
SubDD_REQ_681,SRS_REQ_64,Default_Description
SubDD_REQ_682,SRS_REQ_152,Default_Description
SubDD_REQ_683,SRS_REQ_120,Default_Description
SubDD_REQ_684,SRS_REQ_142,Default_Description
SubDD_REQ_685,SRS_REQ_177,Default_Description
SubDD_REQ_686,SRS_REQ_107,Default_Description
SubDD_REQ_687,,Default_Description
SubDD_REQ_688,,Default_Description
SubDD_REQ_689,,Default_Description
SubDD_REQ_690,SRS_REQ_169,Default_Description
SubDD_REQ_691,SRS_REQ_43,Default_Description
SubDD_REQ_692,SRS_REQ_175,Default_Description
SubDD_REQ_693,SRS_REQ_185,Default_Description
SubDD_REQ_694,SRS_REQ_132,Default_Description
SubDD_REQ_695,SRS_REQ_121,Default_Description
SubDD_REQ_696,,Default_Description
SubDD_REQ_697,SRS_REQ_14,Default_Description
SubDD_REQ_698,SRS_REQ_93,Default_Description
SubDD_REQ_699,SRS_REQ_149,Default_Description
SubDD_REQ_700,SRS_REQ_91,Default_Description
SubDD_REQ_701,,Default_Description
SubDD_REQ_702,SRS_REQ_31,Default_Description
SubDD_REQ_703,SRS_REQ_161,Default_Description
SubDD_REQ_704,,Default_Description
SubDD_REQ_705,SRS_REQ_91,Default_Description
SubDD_REQ_706,SRS_REQ_43,Default_Description
SubDD_REQ_707,,Default_Description
SubDD_REQ_708,SRS_REQ_102,Default_Description
SubDD_REQ_709,SRS_REQ_54,Default_Description
SubDD_REQ_710,SRS_REQ_167,Default_Description
SubDD_REQ_711,,Default_Description
SubDD_REQ_712,SRS_REQ_98,Default_Description
SubDD_REQ_713,SRS_REQ_81,Default_Description
SubDD_REQ_714,,Default_Description
SubDD_REQ_715,,Default_Description
SubDD_REQ_716,,Default_Description
SubDD_REQ_717,SRS_REQ_177,Default_Description
SubDD_REQ_718,SRS_REQ_80,Default_Description
SubDD_REQ_719,,Default_Description
SubDD_REQ_720,,Default_Description
SubDD_REQ_721,SRS_REQ_80,Default_Description
SubDD_REQ_722,,Default_Description
SubDD_REQ_723,SRS_REQ_5,Default_Description
SubDD_REQ_724,SRS_REQ_93,Default_Description
SubDD_REQ_725,,Default_Description
SubDD_REQ_726,SRS_REQ_155,Default_Description
SubDD_REQ_727,,Default_Description
SubDD_REQ_728,SRS_REQ_125,Default_Description
SubDD_REQ_729,,Default_Description
SubDD_REQ_730,SRS_REQ_119,Default_Description
SubDD_REQ_731,,Default_Description
SubDD_REQ_732,,Default_Description
SubDD_REQ_733,SRS_REQ_57,Default_Description
SubDD_REQ_734,SRS_REQ_154,Default_Description
SubDD_REQ_735,SRS_REQ_113,Default_Description
SubDD_REQ_736,SRS_REQ_57,Default_Description
SubDD_REQ_737,SRS_REQ_98,Default_Description
SubDD_REQ_738,,Default_Description
SubDD_REQ_739,SRS_REQ_49,Default_Description
SubDD_REQ_740,,Default_Description
SubDD_REQ_741,,Default_Description
SubDD_REQ_742,SRS_REQ_195,Default_Description
SubDD_REQ_743,SRS_REQ_146,Default_Description
SubDD_REQ_744,SRS_REQ_29,Default_Description
SubDD_REQ_745,SRS_REQ_131,Default_Description
SubDD_REQ_746,,Default_Description
SubDD_REQ_747,,Default_Description
SubDD_REQ_748,SRS_REQ_13,Default_Description
SubDD_REQ_749,SRS_REQ_17,Default_Description
SubDD_REQ_750,,Default_Description
SubDD_REQ_751,SRS_REQ_143,Default_Description
SubDD_REQ_752,,Default_Description
SubDD_REQ_753,,Default_Description
SubDD_REQ_754,,Default_Description
SubDD_REQ_755,SRS_REQ_148,Default_Description
SubDD_REQ_756,,Default_Description
SubDD_REQ_757,,Default_Description
SubDD_REQ_758,SRS_REQ_68,Default_Description
SubDD_REQ_759,,Default_Description
SubDD_REQ_760,SRS_REQ_1,Default_Description
SubDD_REQ_761,,Default_Description
SubDD_REQ_762,,Default_Description
SubDD_REQ_763,SRS_REQ_64,Default_Description
SubDD_REQ_764,SRS_REQ_28,Default_Description
SubDD_REQ_765,,Default_Description
SubDD_REQ_766,SRS_REQ_59,Default_Description
SubDD_REQ_767,,Default_Description
SubDD_REQ_768,,Default_Description
SubDD_REQ_769,SRS_REQ_2,Default_Description
SubDD_REQ_770,,Default_Description
SubDD_REQ_771,,Default_Description
SubDD_REQ_772,SRS_REQ_13,Default_Description
SubDD_REQ_773,SRS_REQ_51,Default_Description
SubDD_REQ_774,,Default_Description
SubDD_REQ_775,,Default_Description
SubDD_REQ_776,,Default_Description
SubDD_REQ_777,SRS_REQ_130,Default_Description
SubDD_REQ_778,,Default_Description
SubDD_REQ_779,,Default_Description
SubDD_REQ_780,,Default_Description
SubDD_REQ_781,SRS_REQ_188,Default_Description
SubDD_REQ_782,,Default_Description
SubDD_REQ_783,,Default_Description
SubDD_REQ_784,SRS_REQ_142,Default_Description
SubDD_REQ_785,SRS_REQ_88,Default_Description
SubDD_REQ_786,SRS_REQ_33,Default_Description
SubDD_REQ_787,SRS_REQ_43,Default_Description
SubDD_REQ_788,,Default_Description
SubDD_REQ_789,SRS_REQ_16,Default_Description
SubDD_REQ_790,SRS_REQ_75,Default_Description
SubDD_REQ_791,,Default_Description
SubDD_REQ_792,,Default_Description
SubDD_REQ_793,SRS_REQ_92,Default_Description
SubDD_REQ_794,SRS_REQ_128,Default_Description
SubDD_REQ_795,,Default_Description
SubDD_REQ_796,,Default_Description
SubDD_REQ_797,,Default_Description
SubDD_REQ_798,SRS_REQ_123,Default_Description
SubDD_REQ_799,,Default_Description
SubDD_REQ_800,,Default_Description
SubDD_REQ_801,,Default_Description
SubDD_REQ_802,SRS_REQ_159,Default_Description
SubDD_REQ_803,SRS_REQ_119,Default_Description
SubDD_REQ_804,,Default_Description
SubDD_REQ_805,SRS_REQ_61,Default_Description
SubDD_REQ_806,,Default_Description
SubDD_REQ_807,SRS_REQ_72,Default_Description
SubDD_REQ_808,SRS_REQ_13,Default_Description
SubDD_REQ_809,,Default_Description
SubDD_REQ_810,,Default_Description
SubDD_REQ_811,,Default_Description
SubDD_REQ_812,,Default_Description
SubDD_REQ_813,,Default_Description
SubDD_REQ_814,,Default_Description
SubDD_REQ_815,SRS_REQ_107,Default_Description
SubDD_REQ_816,SRS_REQ_137,Default_Description
SubDD_REQ_817,,Default_Description
SubDD_REQ_818,SRS_REQ_135,Default_Description
SubDD_REQ_819,SRS_REQ_62,Default_Description
SubDD_REQ_820,SRS_REQ_140,Default_Description
SubDD_REQ_821,,Default_Description
SubDD_REQ_822,SRS_REQ_121,Default_Description
SubDD_REQ_823,SRS_REQ_26,Default_Description
SubDD_REQ_824,SRS_REQ_86,Default_Description
SubDD_REQ_825,SRS_REQ_96,Default_Description
SubDD_REQ_826,SRS_REQ_3,Default_Description
SubDD_REQ_827,,Default_Description
SubDD_REQ_828,,Default_Description
SubDD_REQ_829,,Default_Description
SubDD_REQ_830,,Default_Description
SubDD_REQ_831,SRS_REQ_98,Default_Description
SubDD_REQ_832,SRS_REQ_136,Default_Description
SubDD_REQ_833,,Default_Description
SubDD_REQ_834,,Default_Description
SubDD_REQ_835,SRS_REQ_5,Default_Description
SubDD_REQ_836,,Default_Description
SubDD_REQ_837,,Default_Description
SubDD_REQ_838,,Default_Description
SubDD_REQ_839,,Default_Description
SubDD_REQ_840,SRS_REQ_136,Default_Description
SubDD_REQ_841,SRS_REQ_26,Default_Description
SubDD_REQ_842,SRS_REQ_89,Default_Description
SubDD_REQ_843,,Default_Description
SubDD_REQ_844,,Default_Description
SubDD_REQ_845,,Default_Description
SubDD_REQ_846,SRS_REQ_116,Default_Description
SubDD_REQ_847,SRS_REQ_131,Default_Description
SubDD_REQ_848,SRS_REQ_29,Default_Description
SubDD_REQ_849,,Default_Description
SubDD_REQ_850,,Default_Description
SubDD_REQ_851,SRS_REQ_25,Default_Description
SubDD_REQ_852,,Default_Description
SubDD_REQ_853,SRS_REQ_158,Default_Description
SubDD_REQ_854,,Default_Description
SubDD_REQ_855,,Default_Description
SubDD_REQ_856,,Default_Description
SubDD_REQ_857,SRS_REQ_173,Default_Description
SubDD_REQ_858,,Default_Description
SubDD_REQ_859,SRS_REQ_184,Default_Description
SubDD_REQ_860,SRS_REQ_151,Default_Description
SubDD_REQ_861,SRS_REQ_128,Default_Description
SubDD_REQ_862,,Default_Description
SubDD_REQ_863,SRS_REQ_71,Default_Description
SubDD_REQ_864,SRS_REQ_57,Default_Description
SubDD_REQ_865,SRS_REQ_44,Default_Description
SubDD_REQ_866,SRS_REQ_163,Default_Description
SubDD_REQ_867,SRS_REQ_173,Default_Description
SubDD_REQ_868,,Default_Description
SubDD_REQ_869,,Default_Description
SubDD_REQ_870,,Default_Description
SubDD_REQ_871,SRS_REQ_148,Default_Description
SubDD_REQ_872,,Default_Description
SubDD_REQ_873,SRS_REQ_87,Default_Description
SubDD_REQ_874,,Default_Description
SubDD_REQ_875,SRS_REQ_20,Default_Description
SubDD_REQ_876,SRS_REQ_76,Default_Description
SubDD_REQ_877,SRS_REQ_41,Default_Description
SubDD_REQ_878,SRS_REQ_160,Default_Description
SubDD_REQ_879,,Default_Description
SubDD_REQ_880,SRS_REQ_62,Default_Description
SubDD_REQ_881,SRS_REQ_15,Default_Description
SubDD_REQ_882,,Default_Description
SubDD_REQ_883,SRS_REQ_90,Default_Description
SubDD_REQ_884,,Default_Description
SubDD_REQ_885,,Default_Description
SubDD_REQ_886,,Default_Description
SubDD_REQ_887,SRS_REQ_73,Default_Description
SubDD_REQ_888,,Default_Description
SubDD_REQ_889,,Default_Description
SubDD_REQ_890,SRS_REQ_173,Default_Description
SubDD_REQ_891,SRS_REQ_31,Default_Description
SubDD_REQ_892,,Default_Description
SubDD_REQ_893,SRS_REQ_95,Default_Description
SubDD_REQ_894,SRS_REQ_57,Default_Description
SubDD_REQ_895,SRS_REQ_80,Default_Description
SubDD_REQ_896,,Default_Description
SubDD_REQ_897,,Default_Description
SubDD_REQ_898,SRS_REQ_92,Default_Description
SubDD_REQ_899,SRS_REQ_94,Default_Description
SubDD_REQ_900,SRS_REQ_118,Default_Description
SubDD_REQ_901,,Default_Description
SubDD_REQ_902,,Default_Description
SubDD_REQ_903,,Default_Description
SubDD_REQ_904,,Default_Description
SubDD_REQ_905,,Default_Description
SubDD_REQ_906,,Default_Description
SubDD_REQ_907,SRS_REQ_82,Default_Description
SubDD_REQ_908,,Default_Description
SubDD_REQ_909,SRS_REQ_38,Default_Description
SubDD_REQ_910,SRS_REQ_171,Default_Description
SubDD_REQ_911,,Default_Description
SubDD_REQ_912,,Default_Description
SubDD_REQ_913,SRS_REQ_131,Default_Description
SubDD_REQ_914,SRS_REQ_98,Default_Description
SubDD_REQ_915,SRS_REQ_181,Default_Description
SubDD_REQ_916,SRS_REQ_152,Default_Description
SubDD_REQ_917,SRS_REQ_2,Default_Description
SubDD_REQ_918,SRS_REQ_186,Default_Description
SubDD_REQ_919,SRS_REQ_147,Default_Description
SubDD_REQ_920,,Default_Description
SubDD_REQ_921,SRS_REQ_30,Default_Description
SubDD_REQ_922,SRS_REQ_36,Default_Description
SubDD_REQ_923,SRS_REQ_156,Default_Description
SubDD_REQ_924,,Default_Description
SubDD_REQ_925,,Default_Description
SubDD_REQ_926,,Default_Description
SubDD_REQ_927,,Default_Description
SubDD_REQ_928,,Default_Description
SubDD_REQ_929,,Default_Description
SubDD_REQ_930,,Default_Description
SubDD_REQ_931,SRS_REQ_105,Default_Description
SubDD_REQ_932,SRS_REQ_119,Default_Description
SubDD_REQ_933,SRS_REQ_101,Default_Description
SubDD_REQ_934,,Default_Description
SubDD_REQ_935,SRS_REQ_146,Default_Description
SubDD_REQ_936,,Default_Description
SubDD_REQ_937,,Default_Description
SubDD_REQ_938,,Default_Description
SubDD_REQ_939,,Default_Description
SubDD_REQ_940,SRS_REQ_146,Default_Description
SubDD_REQ_941,,Default_Description
SubDD_REQ_942,,Default_Description
SubDD_REQ_943,,Default_Description
SubDD_REQ_944,,Default_Description
SubDD_REQ_945,SRS_REQ_50,Default_Description
SubDD_REQ_946,SRS_REQ_53,Default_Description
SubDD_REQ_947,SRS_REQ_102,Default_Description
SubDD_REQ_948,SRS_REQ_8,Default_Description
SubDD_REQ_949,,Default_Description
SubDD_REQ_950,SRS_REQ_143,Default_Description
SubDD_REQ_951,,Default_Description
SubDD_REQ_952,,Default_Description
SubDD_REQ_953,SRS_REQ_69,Default_Description
SubDD_REQ_954,SRS_REQ_184,Default_Description
SubDD_REQ_955,SRS_REQ_5,Default_Description
SubDD_REQ_956,SRS_REQ_69,Default_Description
SubDD_REQ_957,SRS_REQ_85,Default_Description
SubDD_REQ_958,,Default_Description
SubDD_REQ_959,,Default_Description
SubDD_REQ_960,SRS_REQ_166,Default_Description
SubDD_REQ_961,,Default_Description
SubDD_REQ_962,,Default_Description
SubDD_REQ_963,,Default_Description
SubDD_REQ_964,SRS_REQ_89,Default_Description
SubDD_REQ_965,,Default_Description
SubDD_REQ_966,,Default_Description
SubDD_REQ_967,,Default_Description
SubDD_REQ_968,SRS_REQ_87,Default_Description
SubDD_REQ_969,,Default_Description
SubDD_REQ_970,SRS_REQ_35,Default_Description
SubDD_REQ_971,,Default_Description
SubDD_REQ_972,,Default_Description
SubDD_REQ_973,SRS_REQ_59,Default_Description
SubDD_REQ_974,SRS_REQ_23,Default_Description
SubDD_REQ_975,SRS_REQ_55,Default_Description
SubDD_REQ_976,,Default_Description
SubDD_REQ_977,SRS_REQ_48,Default_Description
SubDD_REQ_978,SRS_REQ_150,Default_Description
SubDD_REQ_979,SRS_REQ_34,Default_Description
SubDD_REQ_980,,Default_Description
SubDD_REQ_981,,Default_Description
SubDD_REQ_982,,Default_Description
SubDD_REQ_983,,Default_Description
SubDD_REQ_984,SRS_REQ_29,Default_Description
SubDD_REQ_985,,Default_Description
SubDD_REQ_986,SRS_REQ_59,Default_Description
SubDD_REQ_987,,Default_Description
SubDD_REQ_988,,Default_Description
SubDD_REQ_989,SRS_REQ_96,Default_Description
SubDD_REQ_990,SRS_REQ_187,Default_Description
SubDD_REQ_991,SRS_REQ_198,Default_Description
SubDD_REQ_992,SRS_REQ_106,Default_Description
SubDD_REQ_993,,Default_Description
SubDD_REQ_994,SRS_REQ_31,Default_Description
SubDD_REQ_995,SRS_REQ_190,Default_Description
SubDD_REQ_996,SRS_REQ_36,Default_Description
SubDD_REQ_997,SRS_REQ_155,Default_Description
SubDD_REQ_998,SRS_REQ_11,Default_Description
SubDD_REQ_999,,Default_Description
SubDD_REQ_1000,SRS_REQ_31,Default_Description
SubDD_REQ_1001,,Default_Description
SubDD_REQ_1002,,Default_Description
SubDD_REQ_1003,SRS_REQ_71,Default_Description
SubDD_REQ_1004,,Default_Description
SubDD_REQ_1005,SRS_REQ_197,Default_Description
SubDD_REQ_1006,,Default_Description
SubDD_REQ_1007,,Default_Description
SubDD_REQ_1008,,Default_Description
SubDD_REQ_1009,,Default_Description
SubDD_REQ_1010,,Default_Description
SubDD_REQ_1011,SRS_REQ_142,Default_Description
SubDD_REQ_1012,,Default_Description
SubDD_REQ_1013,SRS_REQ_127,Default_Description
SubDD_REQ_1014,,Default_Description
SubDD_REQ_1015,SRS_REQ_72,Default_Description
SubDD_REQ_1016,,Default_Description
SubDD_REQ_1017,,Default_Description
SubDD_REQ_1018,SRS_REQ_162,Default_Description
SubDD_REQ_1019,SRS_REQ_49,Default_Description
SubDD_REQ_1020,,Default_Description
SubDD_REQ_1021,SRS_REQ_170,Default_Description
SubDD_REQ_1022,,Default_Description
SubDD_REQ_1023,,Default_Description
SubDD_REQ_1024,,Default_Description
SubDD_REQ_1025,SRS_REQ_60,Default_Description
SubDD_REQ_1026,,Default_Description
SubDD_REQ_1027,SRS_REQ_63,Default_Description
SubDD_REQ_1028,,Default_Description
SubDD_REQ_1029,SRS_REQ_166,Default_Description
SubDD_REQ_1030,SRS_REQ_160,Default_Description
SubDD_REQ_1031,,Default_Description
SubDD_REQ_1032,,Default_Description
SubDD_REQ_1033,SRS_REQ_117,Default_Description
SubDD_REQ_1034,SRS_REQ_142,Default_Description
SubDD_REQ_1035,SRS_REQ_53,Default_Description
SubDD_REQ_1036,,Default_Description
SubDD_REQ_1037,SRS_REQ_172,Default_Description
SubDD_REQ_1038,,Default_Description
SubDD_REQ_1039,SRS_REQ_190,Default_Description
SubDD_REQ_1040,,Default_Description
SubDD_REQ_1041,SRS_REQ_173,Default_Description
SubDD_REQ_1042,,Default_Description
SubDD_REQ_1043,SRS_REQ_91,Default_Description
SubDD_REQ_1044,,Default_Description
SubDD_REQ_1045,,Default_Description
SubDD_REQ_1046,,Default_Description
SubDD_REQ_1047,,Default_Description
SubDD_REQ_1048,,Default_Description
SubDD_REQ_1049,,Default_Description
SubDD_REQ_1050,,Default_Description
SubDD_REQ_1051,,Default_Description
SubDD_REQ_1052,,Default_Description
SubDD_REQ_1053,,Default_Description
SubDD_REQ_1054,SRS_REQ_68,Default_Description
SubDD_REQ_1055,,Default_Description
SubDD_REQ_1056,,Default_Description
SubDD_REQ_1057,,Default_Description
SubDD_REQ_1058,,Default_Description
SubDD_REQ_1059,,Default_Description
SubDD_REQ_1060,SRS_REQ_158,Default_Description
SubDD_REQ_1061,SRS_REQ_11,Default_Description
SubDD_REQ_1062,SRS_REQ_197,Default_Description
SubDD_REQ_1063,SRS_REQ_27,Default_Description
SubDD_REQ_1064,SRS_REQ_143,Default_Description
SubDD_REQ_1065,SRS_REQ_79,Default_Description
SubDD_REQ_1066,SRS_REQ_86,Default_Description
SubDD_REQ_1067,,Default_Description
SubDD_REQ_1068,SRS_REQ_157,Default_Description
SubDD_REQ_1069,,Default_Description
SubDD_REQ_1070,SRS_REQ_16,Default_Description
SubDD_REQ_1071,SRS_REQ_114,Default_Description
SubDD_REQ_1072,SRS_REQ_198,Default_Description
SubDD_REQ_1073,,Default_Description
SubDD_REQ_1074,SRS_REQ_133,Default_Description
SubDD_REQ_1075,,Default_Description
SubDD_REQ_1076,,Default_Description
SubDD_REQ_1077,SRS_REQ_12,Default_Description
SubDD_REQ_1078,,Default_Description
SubDD_REQ_1079,,Default_Description
SubDD_REQ_1080,,Default_Description
SubDD_REQ_1081,SRS_REQ_85,Default_Description
SubDD_REQ_1082,,Default_Description
SubDD_REQ_1083,,Default_Description
SubDD_REQ_1084,,Default_Description
SubDD_REQ_1085,SRS_REQ_165,Default_Description
SubDD_REQ_1086,SRS_REQ_188,Default_Description
SubDD_REQ_1087,SRS_REQ_111,Default_Description
SubDD_REQ_1088,,Default_Description
SubDD_REQ_1089,,Default_Description
SubDD_REQ_1090,,Default_Description
SubDD_REQ_1091,,Default_Description
SubDD_REQ_1092,,Default_Description
SubDD_REQ_1093,,Default_Description
SubDD_REQ_1094,,Default_Description
SubDD_REQ_1095,,Default_Description
SubDD_REQ_1096,SRS_REQ_195,Default_Description
SubDD_REQ_1097,,Default_Description
SubDD_REQ_1098,,Default_Description
SubDD_REQ_1099,SRS_REQ_108,Default_Description
SubDD_REQ_1100,,Default_Description
SubDD_REQ_1101,,Default_Description
SubDD_REQ_1102,SRS_REQ_195,Default_Description
SubDD_REQ_1103,,Default_Description
SubDD_REQ_1104,SRS_REQ_182,Default_Description
SubDD_REQ_1105,,Default_Description
SubDD_REQ_1106,SRS_REQ_107,Default_Description
SubDD_REQ_1107,,Default_Description
SubDD_REQ_1108,,Default_Description
SubDD_REQ_1109,SRS_REQ_139,Default_Description
SubDD_REQ_1110,,Default_Description
SubDD_REQ_1111,SRS_REQ_175,Default_Description
SubDD_REQ_1112,SRS_REQ_166,Default_Description
SubDD_REQ_1113,,Default_Description
SubDD_REQ_1114,SRS_REQ_84,Default_Description
SubDD_REQ_1115,SRS_REQ_175,Default_Description
SubDD_REQ_1116,SRS_REQ_10,Default_Description
SubDD_REQ_1117,,Default_Description
SubDD_REQ_1118,,Default_Description
SubDD_REQ_1119,SRS_REQ_156,Default_Description
SubDD_REQ_1120,,Default_Description
SubDD_REQ_1121,,Default_Description
SubDD_REQ_1122,SRS_REQ_124,Default_Description
SubDD_REQ_1123,,Default_Description
SubDD_REQ_1124,SRS_REQ_35,Default_Description
SubDD_REQ_1125,SRS_REQ_67,Default_Description
SubDD_REQ_1126,,Default_Description
SubDD_REQ_1127,SRS_REQ_44,Default_Description
SubDD_REQ_1128,,Default_Description
SubDD_REQ_1129,,Default_Description
SubDD_REQ_1130,,Default_Description
SubDD_REQ_1131,SRS_REQ_194,Default_Description
SubDD_REQ_1132,SRS_REQ_121,Default_Description
SubDD_REQ_1133,,Default_Description
SubDD_REQ_1134,SRS_REQ_193,Default_Description
SubDD_REQ_1135,,Default_Description
SubDD_REQ_1136,,Default_Description
SubDD_REQ_1137,SRS_REQ_90,Default_Description
SubDD_REQ_1138,,Default_Description
SubDD_REQ_1139,SRS_REQ_163,Default_Description
SubDD_REQ_1140,SRS_REQ_122,Default_Description
SubDD_REQ_1141,SRS_REQ_24,Default_Description
SubDD_REQ_1142,,Default_Description
SubDD_REQ_1143,,Default_Description
SubDD_REQ_1144,,Default_Description
SubDD_REQ_1145,SRS_REQ_49,Default_Description
SubDD_REQ_1146,SRS_REQ_57,Default_Description
SubDD_REQ_1147,SRS_REQ_103,Default_Description
SubDD_REQ_1148,SRS_REQ_150,Default_Description
SubDD_REQ_1149,,Default_Description
SubDD_REQ_1150,,Default_Description
SubDD_REQ_1151,SRS_REQ_127,Default_Description
SubDD_REQ_1152,SRS_REQ_115,Default_Description
SubDD_REQ_1153,,Default_Description
SubDD_REQ_1154,SRS_REQ_28,Default_Description
SubDD_REQ_1155,SRS_REQ_115,Default_Description
SubDD_REQ_1156,,Default_Description
SubDD_REQ_1157,SRS_REQ_193,Default_Description
SubDD_REQ_1158,SRS_REQ_107,Default_Description
SubDD_REQ_1159,SRS_REQ_111,Default_Description
SubDD_REQ_1160,SRS_REQ_37,Default_Description
SubDD_REQ_1161,,Default_Description
SubDD_REQ_1162,SRS_REQ_12,Default_Description
SubDD_REQ_1163,,Default_Description
SubDD_REQ_1164,SRS_REQ_188,Default_Description
SubDD_REQ_1165,SRS_REQ_169,Default_Description
SubDD_REQ_1166,SRS_REQ_23,Default_Description
SubDD_REQ_1167,,Default_Description
SubDD_REQ_1168,,Default_Description
SubDD_REQ_1169,SRS_REQ_89,Default_Description
SubDD_REQ_1170,SRS_REQ_92,Default_Description
SubDD_REQ_1171,SRS_REQ_99,Default_Description
SubDD_REQ_1172,SRS_REQ_126,Default_Description
SubDD_REQ_1173,SRS_REQ_147,Default_Description
SubDD_REQ_1174,,Default_Description
SubDD_REQ_1175,,Default_Description
SubDD_REQ_1176,SRS_REQ_95,Default_Description
SubDD_REQ_1177,SRS_REQ_53,Default_Description
SubDD_REQ_1178,,Default_Description
SubDD_REQ_1179,SRS_REQ_68,Default_Description
SubDD_REQ_1180,,Default_Description
SubDD_REQ_1181,SRS_REQ_25,Default_Description
SubDD_REQ_1182,SRS_REQ_154,Default_Description
SubDD_REQ_1183,SRS_REQ_120,Default_Description
SubDD_REQ_1184,,Default_Description
SubDD_REQ_1185,,Default_Description
SubDD_REQ_1186,,Default_Description
SubDD_REQ_1187,,Default_Description
SubDD_REQ_1188,,Default_Description
SubDD_REQ_1189,,Default_Description
SubDD_REQ_1190,SRS_REQ_23,Default_Description
SubDD_REQ_1191,SRS_REQ_46,Default_Description
SubDD_REQ_1192,,Default_Description
SubDD_REQ_1193,SRS_REQ_78,Default_Description
SubDD_REQ_1194,,Default_Description
SubDD_REQ_1195,,Default_Description
SubDD_REQ_1196,SRS_REQ_117,Default_Description
SubDD_REQ_1197,SRS_REQ_103,Default_Description
SubDD_REQ_1198,,Default_Description
SubDD_REQ_1199,,Default_Description
SubDD_REQ_1200,,Default_Description
SubDD_REQ_1201,,Default_Description
SubDD_REQ_1202,,Default_Description
SubDD_REQ_1203,SRS_REQ_28,Default_Description
SubDD_REQ_1204,SRS_REQ_166,Default_Description
SubDD_REQ_1205,SRS_REQ_29,Default_Description
SubDD_REQ_1206,SRS_REQ_58,Default_Description
SubDD_REQ_1207,,Default_Description
SubDD_REQ_1208,,Default_Description
SubDD_REQ_1209,,Default_Description
SubDD_REQ_1210,,Default_Description
SubDD_REQ_1211,SRS_REQ_132,Default_Description
SubDD_REQ_1212,,Default_Description
SubDD_REQ_1213,,Default_Description
SubDD_REQ_1214,,Default_Description
SubDD_REQ_1215,SRS_REQ_50,Default_Description
SubDD_REQ_1216,SRS_REQ_180,Default_Description
SubDD_REQ_1217,SRS_REQ_167,Default_Description
SubDD_REQ_1218,,Default_Description
SubDD_REQ_1219,,Default_Description
SubDD_REQ_1220,,Default_Description
SubDD_REQ_1221,SRS_REQ_60,Default_Description
SubDD_REQ_1222,,Default_Description
SubDD_REQ_1223,,Default_Description
SubDD_REQ_1224,,Default_Description
SubDD_REQ_1225,,Default_Description
SubDD_REQ_1226,,Default_Description
SubDD_REQ_1227,,Default_Description
SubDD_REQ_1228,SRS_REQ_131,Default_Description
SubDD_REQ_1229,,Default_Description
SubDD_REQ_1230,SRS_REQ_52,Default_Description
SubDD_REQ_1231,SRS_REQ_88,Default_Description
SubDD_REQ_1232,SRS_REQ_43,Default_Description
SubDD_REQ_1233,,Default_Description
SubDD_REQ_1234,SRS_REQ_141,Default_Description
SubDD_REQ_1235,,Default_Description
SubDD_REQ_1236,SRS_REQ_87,Default_Description
SubDD_REQ_1237,,Default_Description
SubDD_REQ_1238,,Default_Description
SubDD_REQ_1239,SRS_REQ_157,Default_Description
SubDD_REQ_1240,,Default_Description
SubDD_REQ_1241,SRS_REQ_91,Default_Description
SubDD_REQ_1242,SRS_REQ_78,Default_Description
SubDD_REQ_1243,,Default_Description
SubDD_REQ_1244,SRS_REQ_17,Default_Description
SubDD_REQ_1245,,Default_Description
SubDD_REQ_1246,SRS_REQ_150,Default_Description
SubDD_REQ_1247,SRS_REQ_97,Default_Description
SubDD_REQ_1248,,Default_Description
SubDD_REQ_1249,SRS_REQ_123,Default_Description
SubDD_REQ_1250,,Default_Description
SubDD_REQ_1251,SRS_REQ_166,Default_Description
SubDD_REQ_1252,,Default_Description
SubDD_REQ_1253,,Default_Description
SubDD_REQ_1254,SRS_REQ_70,Default_Description
SubDD_REQ_1255,,Default_Description
SubDD_REQ_1256,,Default_Description
SubDD_REQ_1257,,Default_Description
SubDD_REQ_1258,SRS_REQ_159,Default_Description
SubDD_REQ_1259,SRS_REQ_167,Default_Description
SubDD_REQ_1260,,Default_Description
SubDD_REQ_1261,,Default_Description
SubDD_REQ_1262,SRS_REQ_198,Default_Description
SubDD_REQ_1263,SRS_REQ_199,Default_Description
SubDD_REQ_1264,SRS_REQ_181,Default_Description
SubDD_REQ_1265,SRS_REQ_60,Default_Description
SubDD_REQ_1266,,Default_Description
SubDD_REQ_1267,SRS_REQ_167,Default_Description
SubDD_REQ_1268,,Default_Description
SubDD_REQ_1269,,Default_Description
SubDD_REQ_1270,SRS_REQ_199,Default_Description
SubDD_REQ_1271,SRS_REQ_126,Default_Description
SubDD_REQ_1272,SRS_REQ_11,Default_Description
SubDD_REQ_1273,SRS_REQ_61,Default_Description
SubDD_REQ_1274,SRS_REQ_191,Default_Description
SubDD_REQ_1275,,Default_Description
SubDD_REQ_1276,,Default_Description
SubDD_REQ_1277,SRS_REQ_108,Default_Description
SubDD_REQ_1278,,Default_Description
SubDD_REQ_1279,,Default_Description
SubDD_REQ_1280,,Default_Description
SubDD_REQ_1281,SRS_REQ_92,Default_Description
SubDD_REQ_1282,,Default_Description
SubDD_REQ_1283,,Default_Description
SubDD_REQ_1284,,Default_Description
SubDD_REQ_1285,,Default_Description
SubDD_REQ_1286,,Default_Description
SubDD_REQ_1287,SRS_REQ_182,Default_Description
SubDD_REQ_1288,SRS_REQ_72,Default_Description
SubDD_REQ_1289,,Default_Description
SubDD_REQ_1290,SRS_REQ_17,Default_Description
SubDD_REQ_1291,,Default_Description
SubDD_REQ_1292,SRS_REQ_162,Default_Description
SubDD_REQ_1293,SRS_REQ_64,Default_Description
SubDD_REQ_1294,,Default_Description
SubDD_REQ_1295,,Default_Description
SubDD_REQ_1296,SRS_REQ_64,Default_Description
SubDD_REQ_1297,SRS_REQ_198,Default_Description
SubDD_REQ_1298,SRS_REQ_22,Default_Description
SubDD_REQ_1299,SRS_REQ_23,Default_Description
SubDD_REQ_1300,SRS_REQ_144,Default_Description
SubDD_REQ_1301,SRS_REQ_13,Default_Description
SubDD_REQ_1302,SRS_REQ_68,Default_Description
SubDD_REQ_1303,,Default_Description
SubDD_REQ_1304,SRS_REQ_133,Default_Description
SubDD_REQ_1305,SRS_REQ_104,Default_Description
SubDD_REQ_1306,,Default_Description
SubDD_REQ_1307,,Default_Description
SubDD_REQ_1308,SRS_REQ_134,Default_Description
SubDD_REQ_1309,,Default_Description
SubDD_REQ_1310,SRS_REQ_165,Default_Description
SubDD_REQ_1311,,Default_Description
SubDD_REQ_1312,SRS_REQ_133,Default_Description
SubDD_REQ_1313,,Default_Description
SubDD_REQ_1314,,Default_Description
SubDD_REQ_1315,SRS_REQ_152,Default_Description
SubDD_REQ_1316,SRS_REQ_40,Default_Description
SubDD_REQ_1317,SRS_REQ_87,Default_Description
SubDD_REQ_1318,,Default_Description
SubDD_REQ_1319,,Default_Description
SubDD_REQ_1320,,Default_Description
SubDD_REQ_1321,,Default_Description
SubDD_REQ_1322,SRS_REQ_54,Default_Description
SubDD_REQ_1323,,Default_Description
SubDD_REQ_1324,,Default_Description
SubDD_REQ_1325,,Default_Description
SubDD_REQ_1326,,Default_Description
SubDD_REQ_1327,SRS_REQ_121,Default_Description
SubDD_REQ_1328,SRS_REQ_68,Default_Description
SubDD_REQ_1329,,Default_Description
SubDD_REQ_1330,,Default_Description
SubDD_REQ_1331,SRS_REQ_124,Default_Description
SubDD_REQ_1332,SRS_REQ_22,Default_Description
SubDD_REQ_1333,SRS_REQ_62,Default_Description
SubDD_REQ_1334,,Default_Description
SubDD_REQ_1335,SRS_REQ_29,Default_Description
SubDD_REQ_1336,SRS_REQ_21,Default_Description
SubDD_REQ_1337,SRS_REQ_126,Default_Description
SubDD_REQ_1338,,Default_Description
SubDD_REQ_1339,SRS_REQ_19,Default_Description
SubDD_REQ_1340,SRS_REQ_103,Default_Description
SubDD_REQ_1341,SRS_REQ_66,Default_Description
SubDD_REQ_1342,,Default_Description
SubDD_REQ_1343,,Default_Description
SubDD_REQ_1344,SRS_REQ_18,Default_Description
SubDD_REQ_1345,,Default_Description
SubDD_REQ_1346,SRS_REQ_167,Default_Description
SubDD_REQ_1347,SRS_REQ_115,Default_Description
SubDD_REQ_1348,SRS_REQ_199,Default_Description
SubDD_REQ_1349,,Default_Description
SubDD_REQ_1350,,Default_Description
SubDD_REQ_1351,,Default_Description
SubDD_REQ_1352,,Default_Description
SubDD_REQ_1353,,Default_Description
SubDD_REQ_1354,,Default_Description
SubDD_REQ_1355,SRS_REQ_137,Default_Description
SubDD_REQ_1356,SRS_REQ_36,Default_Description
SubDD_REQ_1357,SRS_REQ_98,Default_Description
SubDD_REQ_1358,SRS_REQ_159,Default_Description
SubDD_REQ_1359,,Default_Description
SubDD_REQ_1360,SRS_REQ_135,Default_Description
SubDD_REQ_1361,SRS_REQ_77,Default_Description
SubDD_REQ_1362,SRS_REQ_144,Default_Description
SubDD_REQ_1363,SRS_REQ_98,Default_Description
SubDD_REQ_1364,SRS_REQ_12,Default_Description
SubDD_REQ_1365,,Default_Description
SubDD_REQ_1366,,Default_Description
SubDD_REQ_1367,,Default_Description
SubDD_REQ_1368,SRS_REQ_178,Default_Description
SubDD_REQ_1369,,Default_Description
SubDD_REQ_1370,SRS_REQ_141,Default_Description
SubDD_REQ_1371,,Default_Description
SubDD_REQ_1372,SRS_REQ_50,Default_Description
SubDD_REQ_1373,SRS_REQ_159,Default_Description
SubDD_REQ_1374,SRS_REQ_193,Default_Description
SubDD_REQ_1375,SRS_REQ_43,Default_Description
SubDD_REQ_1376,,Default_Description
SubDD_REQ_1377,,Default_Description
SubDD_REQ_1378,SRS_REQ_5,Default_Description
SubDD_REQ_1379,,Default_Description
SubDD_REQ_1380,,Default_Description
SubDD_REQ_1381,SRS_REQ_61,Default_Description
SubDD_REQ_1382,,Default_Description
SubDD_REQ_1383,,Default_Description
SubDD_REQ_1384,SRS_REQ_52,Default_Description
SubDD_REQ_1385,SRS_REQ_103,Default_Description
SubDD_REQ_1386,,Default_Description
SubDD_REQ_1387,,Default_Description
SubDD_REQ_1388,,Default_Description
SubDD_REQ_1389,,Default_Description
SubDD_REQ_1390,SRS_REQ_136,Default_Description
SubDD_REQ_1391,SRS_REQ_103,Default_Description
SubDD_REQ_1392,SRS_REQ_178,Default_Description
SubDD_REQ_1393,SRS_REQ_46,Default_Description
SubDD_REQ_1394,,Default_Description
SubDD_REQ_1395,SRS_REQ_51,Default_Description
SubDD_REQ_1396,,Default_Description
SubDD_REQ_1397,SRS_REQ_146,Default_Description
SubDD_REQ_1398,,Default_Description
SubDD_REQ_1399,SRS_REQ_167,Default_Description
